full_name,college,years_experience,team,position,display_name,league_id
Jonathan Mingo,Ole Miss,1.0,CAR,WR,ChiJV,1060410179696533504
Rashee Rice,SMU,1.0,KC,WR,ChiJV,1060410179696533504
Roschon Johnson,Texas,1.0,CHI,RB,ChiJV,1060410179696533504
Brenden Rice,USC,0.0,LAC,WR,ChiJV,1060410179696533504
Luke McCaffrey,Rice,0.0,WAS,WR,ChiJV,1060410179696533504
DeAndre Hopkins,Clemson,11.0,TEN,WR,ChiJV,1060410179696533504
Mike Evans,Texas A&M,10.0,TB,WR,ChiJV,1060410179696533504
Derrick Henry,Alabama,8.0,BAL,RB,ChiJV,1060410179696533504
Hunter Henry,Arkansas,8.0,NE,TE,ChiJV,1060410179696533504
Tyler Higbee,Western Kentucky,8.0,LAR,TE,ChiJV,1060410179696533504
Alvin Kamara,Tennessee,7.0,NO,RB,ChiJV,1060410179696533504
Cooper Kupp,Eastern Washington,7.0,LAR,WR,ChiJV,1060410179696533504
Patrick Mahomes,Texas Tech,7.0,KC,QB,ChiJV,1060410179696533504
Jamaal Williams,BYU,7.0,NO,RB,ChiJV,1060410179696533504
DJ Moore,Maryland,6.0,CHI,WR,ChiJV,1060410179696533504
Dallas Goedert,South Dakota State,6.0,PHI,TE,ChiJV,1060410179696533504
Donovan Peoples-Jones,Michigan,4.0,DET,WR,ChiJV,1060410179696533504
Darnell Mooney,Tulane,4.0,ATL,WR,ChiJV,1060410179696533504
DeVonta Smith,Alabama,3.0,PHI,WR,ChiJV,1060410179696533504
Cade Otton,Washington,2.0,TB,TE,ChiJV,1060410179696533504
Alec Pierce,Cincinnati,2.0,IND,WR,ChiJV,1060410179696533504
Skyy Moore,Western Michigan,2.0,KC,WR,ChiJV,1060410179696533504
Evan Hull,Northwestern,1.0,IND,RB,ChiJV,1060410179696533504
Israel Abanikanda,Pittsburgh,1.0,NYJ,RB,ChiJV,1060410179696533504
Puka Nacua,BYU,1.0,LAR,WR,ChiJV,1060410179696533504
Aaron Rodgers,California,19.0,NYJ,QB,ChiJV,1060410179696533504
Eric Gray,Oklahoma,1.0,NYG,RB,gpeisert1,1060410179696533504
Jayden Daniels,LSU,0.0,WAS,QB,gpeisert1,1060410179696533504
Ray Davis,Kentucky,0.0,BUF,RB,gpeisert1,1060410179696533504
Trey Benson,Florida State,0.0,ARI,RB,gpeisert1,1060410179696533504
Erick All,Iowa,0.0,CIN,TE,gpeisert1,1060410179696533504
Jaylen Wright,Tennessee,0.0,MIA,RB,gpeisert1,1060410179696533504
Javon Baker,UCF,0.0,NE,WR,gpeisert1,1060410179696533504
Kirk Cousins,Michigan State,12.0,ATL,QB,gpeisert1,1060410179696533504
Daijun Edwards,Georgia,0.0,PIT,RB,gpeisert1,1060410179696533504
Zach Ertz,Stanford,11.0,WAS,TE,gpeisert1,1060410179696533504
Josh Reynolds,Texas A&M,7.0,DEN,WR,gpeisert1,1060410179696533504
Aaron Jones,UTEP,7.0,MIN,RB,gpeisert1,1060410179696533504
DJ Chark,LSU,6.0,LAC,WR,gpeisert1,1060410179696533504
Mike Gesicki,Penn State,6.0,CIN,TE,gpeisert1,1060410179696533504
Will Dissly,Washington,6.0,LAC,TE,gpeisert1,1060410179696533504
DK Metcalf,Ole Miss,5.0,SEA,WR,gpeisert1,1060410179696533504
Diontae Johnson,Toledo,5.0,CAR,WR,gpeisert1,1060410179696533504
Darius Slayton,Auburn,5.0,NYG,WR,gpeisert1,1060410179696533504
Jalen Hurts,Oklahoma,4.0,PHI,QB,gpeisert1,1060410179696533504
Antonio Gibson,Memphis,4.0,NE,RB,gpeisert1,1060410179696533504
Juwan Johnson,Oregon,4.0,NO,TE,gpeisert1,1060410179696533504
Ja'Marr Chase,LSU,3.0,CIN,WR,gpeisert1,1060410179696533504
Rhamondre Stevenson,Oklahoma,3.0,NE,RB,gpeisert1,1060410179696533504
Jahan Dotson,Penn State,2.0,WAS,WR,gpeisert1,1060410179696533504
Trey McBride,Colorado State,2.0,ARI,TE,gpeisert1,1060410179696533504
James Cook,Georgia,2.0,BUF,RB,gpeisert1,1060410179696533504
Hendon Hooker,Tennessee,1.0,DET,QB,gpeisert1,1060410179696533504
Chris Rodriguez,Kentucky,1.0,WAS,RB,WestCoastNonsense,1060410179696533504
A.T. Perry,Wake Forest,1.0,NO,WR,WestCoastNonsense,1060410179696533504
Joe Milton,Tennessee,0.0,NE,QB,WestCoastNonsense,1060410179696533504
Dillon Johnson,Washington,0.0,TEN,RB,WestCoastNonsense,1060410179696533504
Johnny Wilson,Florida State,0.0,PHI,WR,WestCoastNonsense,1060410179696533504
Kimani Vidal,Troy,0.0,LAC,RB,WestCoastNonsense,1060410179696533504
Tyrone Tracy,Purdue,0.0,NYG,RB,WestCoastNonsense,1060410179696533504
Davante Adams,Fresno State,10.0,LV,WR,WestCoastNonsense,1060410179696533504
Demarcus Robinson,Florida,8.0,LAR,WR,WestCoastNonsense,1060410179696533504
Evan Engram,Ole Miss,7.0,JAX,TE,WestCoastNonsense,1060410179696533504
Matthew Stafford,Georgia,15.0,LAR,QB,WestCoastNonsense,1060410179696533504
Josh Allen,Wyoming,6.0,BUF,QB,WestCoastNonsense,1060410179696533504
Josh Jacobs,Alabama,5.0,GB,RB,WestCoastNonsense,1060410179696533504
Greg Dortch,Wake Forest,5.0,ARI,WR,WestCoastNonsense,1060410179696533504
Colby Parkinson,Stanford,4.0,LAR,TE,WestCoastNonsense,1060410179696533504
Rico Dowdle,South Carolina,4.0,DAL,RB,WestCoastNonsense,1060410179696533504
Nico Collins,Michigan,3.0,HOU,WR,WestCoastNonsense,1060410179696533504
Khalil Shakir,Boise State,2.0,BUF,WR,WestCoastNonsense,1060410179696533504
Zamir White,Georgia,2.0,LV,RB,WestCoastNonsense,1060410179696533504
Jerome Ford,Cincinnati,2.0,CLE,RB,WestCoastNonsense,1060410179696533504
Jeremy Ruckert,Ohio State,2.0,NYJ,TE,WestCoastNonsense,1060410179696533504
Garrett Wilson,Ohio State,2.0,NYJ,WR,WestCoastNonsense,1060410179696533504
Jelani Woods,Virginia,2.0,IND,TE,WestCoastNonsense,1060410179696533504
Chase Brown,Illinois,1.0,CIN,RB,WestCoastNonsense,1060410179696533504
De'Von Achane,Texas A&M,1.0,MIA,RB,WestCoastNonsense,1060410179696533504
Josh Downs,North Carolina,1.0,IND,WR,WestCoastNonsense,1060410179696533504
Zay Flowers,Boston College,1.0,BAL,WR,WestCoastNonsense,1060410179696533504
Drake Maye,North Carolina,0.0,NE,QB,ConorDeLa,1060410179696533504
J.J. McCarthy,Michigan,0.0,MIN,QB,ConorDeLa,1060410179696533504
Rasheen Ali,Marshall,0.0,BAL,RB,ConorDeLa,1060410179696533504
Dylan Laube,New Hampshire,0.0,LV,RB,ConorDeLa,1060410179696533504
Audric Estime,Notre Dame,0.0,DEN,RB,ConorDeLa,1060410179696533504
Jonathon Brooks,Texas,0.0,CAR,RB,ConorDeLa,1060410179696533504
Cade Stover,Ohio State,0.0,HOU,TE,ConorDeLa,1060410179696533504
Brock Bowers,Georgia,0.0,LV,TE,ConorDeLa,1060410179696533504
Jaheim Bell,Florida State,0.0,NE,TE,ConorDeLa,1060410179696533504
Malik Washington,Virginia,0.0,MIA,WR,ConorDeLa,1060410179696533504
Ja'Lynn Polk,Washington,0.0,NE,WR,ConorDeLa,1060410179696533504
Troy Franklin,Oregon,0.0,DEN,WR,ConorDeLa,1060410179696533504
Brian Thomas,LSU,0.0,JAX,WR,ConorDeLa,1060410179696533504
Malik Nabers,LSU,0.0,NYG,WR,ConorDeLa,1060410179696533504
Ricky Pearsall,Florida,0.0,SF,WR,ConorDeLa,1060410179696533504
Jacoby Brissett,North Carolina State,8.0,NE,QB,ConorDeLa,1060410179696533504
Curtis Samuel,Ohio State,7.0,BUF,WR,ConorDeLa,1060410179696533504
Joshua Dobbs,Tennessee,7.0,SF,QB,ConorDeLa,1060410179696533504
Sam Darnold,USC,6.0,MIN,QB,ConorDeLa,1060410179696533504
Calvin Ridley,Alabama,6.0,TEN,WR,ConorDeLa,1060410179696533504
Gus Edwards,Rutgers,6.0,LAC,RB,ConorDeLa,1060410179696533504
Kyler Murray,Oklahoma,5.0,ARI,QB,ConorDeLa,1060410179696533504
David Montgomery,Iowa State,5.0,DET,RB,ConorDeLa,1060410179696533504
Clyde Edwards-Helaire,LSU,4.0,KC,RB,ConorDeLa,1060410179696533504
Rondale Moore,Purdue,3.0,ATL,WR,ConorDeLa,1060410179696533504
Greg Dulcich,UCLA,2.0,DEN,TE,ConorDeLa,1060410179696533504
Luke Musgrave,Oregon State,1.0,GB,TE,ConorDeLa,1060410179696533504
Jordan Addison,USC,1.0,MIN,WR,ConorDeLa,1060410179696533504
Dalton Kincaid,Utah,1.0,BUF,TE,Mschmoopie,1060410179696533504
Malik Cunningham,Louisville,1.0,BAL,QB,Mschmoopie,1060410179696533504
Devin Leary,Kentucky,0.0,BAL,QB,Mschmoopie,1060410179696533504
Will Shipley,Clemson,0.0,PHI,RB,Mschmoopie,1060410179696533504
Rome Odunze,Washington,0.0,CHI,WR,Mschmoopie,1060410179696533504
Adonai Mitchell,Texas,0.0,IND,WR,Mschmoopie,1060410179696533504
Xavier Legette,South Carolina,0.0,CAR,WR,Mschmoopie,1060410179696533504
Devontez Walker,North Carolina,0.0,BAL,WR,Mschmoopie,1060410179696533504
Keon Coleman,Florida State,0.0,BUF,WR,Mschmoopie,1060410179696533504
Kendall Milton,Georgia,0.0,PHI,RB,Mschmoopie,1060410179696533504
Tip Reiman,Illinois,0.0,ARI,TE,Mschmoopie,1060410179696533504
Geno Smith,West Virginia,11.0,SEA,QB,Mschmoopie,1060410179696533504
Amari Cooper,Alabama,9.0,CLE,WR,Mschmoopie,1060410179696533504
Raheem Mostert,Purdue,9.0,MIA,RB,Mschmoopie,1060410179696533504
Lamar Jackson,Louisville,6.0,BAL,QB,Mschmoopie,1060410179696533504
Noah Fant,Iowa,5.0,SEA,TE,Mschmoopie,1060410179696533504
J.K. Dobbins,Ohio State,4.0,LAC,RB,Mschmoopie,1060410179696533504
Jonathan Taylor,Wisconsin,4.0,IND,RB,Mschmoopie,1060410179696533504
AJ Dillon,Boston College,4.0,GB,RB,Mschmoopie,1060410179696533504
K.J. Osborn,Miami (FL),4.0,NE,WR,Mschmoopie,1060410179696533504
Rashod Bateman,Minnesota,3.0,BAL,WR,Mschmoopie,1060410179696533504
Breece Hall,Iowa State,2.0,NYJ,RB,Mschmoopie,1060410179696533504
Desmond Ridder,Cincinnati,2.0,ARI,QB,Mschmoopie,1060410179696533504
Isiah Pacheco,Rutgers,2.0,KC,RB,Mschmoopie,1060410179696533504
Bryce Young,Alabama,1.0,CAR,QB,Mschmoopie,1060410179696533504
Tucker Kraft,South Dakota State,1.0,GB,TE,Mschmoopie,1060410179696533504
Deuce Vaughn,Kansas State,1.0,DAL,RB,Mschmoopie,1060410179696533504
Michael Penix,Washington,0.0,ATL,QB,theBandit216,1060410179696533504
Spencer Rattler,South Carolina,0.0,NO,QB,theBandit216,1060410179696533504
Isaiah Davis,South Dakota State,0.0,NYJ,RB,theBandit216,1060410179696533504
Jared Wiley,TCU,0.0,KC,TE,theBandit216,1060410179696533504
Tanner McLachlan,Arizona,0.0,CIN,TE,theBandit216,1060410179696533504
Jacob Cowing,Arizona,0.0,SF,WR,theBandit216,1060410179696533504
Marvin Harrison,Ohio State,0.0,ARI,WR,theBandit216,1060410179696533504
Jermaine Burton,Alabama,0.0,CIN,WR,theBandit216,1060410179696533504
Isaac Guerendo,Louisville,0.0,SF,RB,theBandit216,1060410179696533504
Derek Carr,Fresno State,10.0,NO,QB,theBandit216,1060410179696533504
Brandin Cooks,Oregon State,10.0,DAL,WR,theBandit216,1060410179696533504
Tyreek Hill,West Alabama,8.0,MIA,WR,theBandit216,1060410179696533504
Joe Mixon,Oklahoma,7.0,HOU,RB,theBandit216,1060410179696533504
David Njoku,Miami (FL),7.0,CLE,TE,theBandit216,1060410179696533504
JuJu Smith-Schuster,USC,7.0,NE,WR,theBandit216,1060410179696533504
D'Onta Foreman,Texas,7.0,CLE,RB,theBandit216,1060410179696533504
Samaje Perine,Oklahoma,7.0,DEN,RB,theBandit216,1060410179696533504
Austin Ekeler,Western Colorado,7.0,WAS,RB,theBandit216,1060410179696533504
Nick Chubb,Georgia,6.0,CLE,RB,theBandit216,1060410179696533504
Michael Gallup,Colorado State,6.0,LV,WR,theBandit216,1060410179696533504
T.J. Hockenson,Iowa,5.0,MIN,TE,theBandit216,1060410179696533504
Terry McLaurin,Ohio State,5.0,WAS,WR,theBandit216,1060410179696533504
Jake Browning,Washington,5.0,CIN,QB,theBandit216,1060410179696533504
Justin Herbert,Oregon,4.0,LAC,QB,theBandit216,1060410179696533504
Travis Etienne,Clemson,3.0,JAX,RB,theBandit216,1060410179696533504
Justin Fields,Ohio State,3.0,PIT,QB,theBandit216,1060410179696533504
Treylon Burks,Arkansas,2.0,TEN,WR,theBandit216,1060410179696533504
Aidan O'Connell,Purdue,1.0,LV,QB,tford51,1060410179696533504
Ja'Tavion Sanders,Texas,0.0,CAR,TE,tford51,1060410179696533504
Michael Thomas,Ohio State,8.0,,WR,tford51,1060410179696533504
Dak Prescott,Mississippi State,8.0,DAL,QB,tford51,1060410179696533504
Chris Godwin,Penn State,7.0,TB,WR,tford51,1060410179696533504
Zay Jones,East Carolina,7.0,ARI,WR,tford51,1060410179696533504
Gerald Everett,South Alabama,7.0,CHI,TE,tford51,1060410179696533504
Taysom Hill,BYU,7.0,NO,TE,tford51,1060410179696533504
Daniel Jones,Duke,5.0,NYG,QB,tford51,1060410179696533504
Miles Sanders,Penn State,5.0,CAR,RB,tford51,1060410179696533504
Tua Tagovailoa,Alabama,4.0,MIA,QB,tford51,1060410179696533504
CeeDee Lamb,Oklahoma,4.0,DAL,WR,tford51,1060410179696533504
D'Andre Swift,Georgia,4.0,CHI,RB,tford51,1060410179696533504
Tee Higgins,Clemson,4.0,CIN,WR,tford51,1060410179696533504
Gabe Davis,UCF,4.0,JAX,WR,tford51,1060410179696533504
Kenneth Gainwell,Memphis,3.0,PHI,RB,tford51,1060410179696533504
Elijah Moore,Ole Miss,3.0,CLE,WR,tford51,1060410179696533504
Jake Ferguson,Wisconsin,2.0,DAL,TE,tford51,1060410179696533504
Romeo Doubs,Nevada,2.0,GB,WR,tford51,1060410179696533504
Dameon Pierce,Florida,2.0,HOU,RB,tford51,1060410179696533504
Rachaad White,Arizona State,2.0,TB,RB,tford51,1060410179696533504
George Pickens,Georgia,2.0,PIT,WR,tford51,1060410179696533504
John Metchie,Alabama,2.0,HOU,WR,tford51,1060410179696533504
Chigoziem Okonkwo,Maryland,2.0,TEN,TE,tford51,1060410179696533504
DeMario Douglas,Liberty,1.0,NE,WR,tford51,1060410179696533504
Sean Tucker,Syracuse,1.0,TB,RB,tford51,1060410179696533504
Zach Charbonnet,UCLA,1.0,SEA,RB,tford51,1060410179696533504
Jayden Reed,Michigan State,1.0,GB,WR,ProfessorD,1060410179696533504
Michael Wilson,Stanford,1.0,ARI,WR,ProfessorD,1060410179696533504
Sam LaPorta,Iowa,1.0,DET,TE,ProfessorD,1060410179696533504
Jaleel McLaughlin,Youngstown State,1.0,DEN,RB,ProfessorD,1060410179696533504
Michael Pratt,Tulane,0.0,GB,QB,ProfessorD,1060410179696533504
MarShawn Lloyd,USC,0.0,GB,RB,ProfessorD,1060410179696533504
Theo Johnson,Penn State,0.0,NYG,TE,ProfessorD,1060410179696533504
Malachi Corley,Western Kentucky,0.0,NYJ,WR,ProfessorD,1060410179696533504
Russell Wilson,Wisconsin,12.0,PIT,QB,ProfessorD,1060410179696533504
Tyler Lockett,Kansas State,9.0,SEA,WR,ProfessorD,1060410179696533504
Brandon Allen,Arkansas,8.0,SF,QB,ProfessorD,1060410179696533504
Mike Williams,Clemson,7.0,NYJ,WR,ProfessorD,1060410179696533504
Mark Andrews,Oklahoma,6.0,BAL,TE,ProfessorD,1060410179696533504
Brandon Aiyuk,Arizona State,4.0,SF,WR,ProfessorD,1060410179696533504
Jordan Love,Utah State,4.0,GB,QB,ProfessorD,1060410179696533504
Davis Mills,Stanford,3.0,HOU,QB,ProfessorD,1060410179696533504
Javonte Williams,North Carolina,3.0,DEN,RB,ProfessorD,1060410179696533504
Michael Carter,North Carolina,3.0,ARI,RB,ProfessorD,1060410179696533504
Noah Gray,Duke,3.0,KC,TE,ProfessorD,1060410179696533504
Drake London,USC,2.0,ATL,WR,ProfessorD,1060410179696533504
Kenny Pickett,Pittsburgh,2.0,PHI,QB,ProfessorD,1060410179696533504
Brock Purdy,Iowa State,2.0,SF,QB,ProfessorD,1060410179696533504
Bo Melton,Rutgers,2.0,GB,WR,ProfessorD,1060410179696533504
Jaylen Warren,Oklahoma State,2.0,PIT,RB,ProfessorD,1060410179696533504
Tyjae Spears,Tulane,1.0,TEN,RB,ProfessorD,1060410179696533504
Keaton Mitchell,East Carolina,1.0,BAL,RB,ProfessorD,1060410179696533504
Kendre Miller,TCU,1.0,NO,RB,ProfessorD,1060410179696533504
Xavier Hutchinson,Iowa State,1.0,HOU,WR,aledo,1060410179696533504
Andrei Iosivas,Princeton,1.0,CIN,WR,aledo,1060410179696533504
Caleb Williams,USC,0.0,CHI,QB,aledo,1060410179696533504
Louis Rees-Zammit,,0.0,KC,RB,aledo,1060410179696533504
Odell Beckham,LSU,10.0,MIA,WR,aledo,1060410179696533504
Stefon Diggs,Maryland,9.0,HOU,WR,aledo,1060410179696533504
Tyler Boyd,Pittsburgh,8.0,TEN,WR,aledo,1060410179696533504
Deshaun Watson,Clemson,7.0,CLE,QB,aledo,1060410179696533504
Dalton Schultz,Stanford,6.0,HOU,TE,aledo,1060410179696533504
Courtland Sutton,SMU,6.0,DEN,WR,aledo,1060410179696533504
Alexander Mattison,Boise State,5.0,LV,RB,aledo,1060410179696533504
Gardner Minshew,Washington State,5.0,LV,QB,aledo,1060410179696533504
Devin Singletary,Florida Atlantic,5.0,NYG,RB,aledo,1060410179696533504
Justin Jefferson,LSU,4.0,MIN,WR,aledo,1060410179696533504
Kyle Pitts,Florida,3.0,ATL,TE,aledo,1060410179696533504
Pierre Strong,South Dakota State,2.0,CLE,RB,aledo,1060410179696533504
Brian Robinson,Alabama,2.0,WAS,RB,aledo,1060410179696533504
Christian Watson,North Dakota State,2.0,GB,WR,aledo,1060410179696533504
Daniel Bellinger,San Diego State,2.0,NYG,TE,aledo,1060410179696533504
Ty Chandler,North Carolina,2.0,MIN,RB,aledo,1060410179696533504
Jahmyr Gibbs,Alabama,1.0,DET,RB,aledo,1060410179696533504
Darnell Washington,Georgia,1.0,PIT,TE,aledo,1060410179696533504
Dontayvion Wicks,Virginia,1.0,GB,WR,aledo,1060410179696533504
Jalin Hyatt,Tennessee,1.0,NYG,WR,aledo,1060410179696533504
Bijan Robinson,Texas,1.0,ATL,RB,aledo,1060410179696533504
Quentin Johnston,TCU,1.0,LAC,WR,aledo,1060410179696533504
Cedric Tillman,Tennessee,1.0,CLE,WR,plfinken,1060410179696533504
Keenan Allen,California,11.0,CHI,WR,plfinken,1060410179696533504
Adam Thielen,Minnesota State,11.0,CAR,WR,plfinken,1060410179696533504
Jared Goff,California,8.0,DET,QB,plfinken,1060410179696533504
George Kittle,Iowa,7.0,SF,TE,plfinken,1060410179696533504
Saquon Barkley,Penn State,6.0,PHI,RB,plfinken,1060410179696533504
Christian Kirk,Texas A&M,6.0,JAX,WR,plfinken,1060410179696533504
Tyler Conklin,Central Michigan,6.0,NYJ,TE,plfinken,1060410179696533504
Jeff Wilson,North Texas,6.0,MIA,RB,plfinken,1060410179696533504
Dawson Knox,Ole Miss,5.0,BUF,TE,plfinken,1060410179696533504
Jakobi Meyers,North Carolina State,5.0,LV,WR,plfinken,1060410179696533504
Tony Pollard,Memphis,5.0,TEN,RB,plfinken,1060410179696533504
Jerry Jeudy,Alabama,4.0,CLE,WR,plfinken,1060410179696533504
Cam Akers,Florida State,4.0,MIN,RB,plfinken,1060410179696533504
Trevor Lawrence,Clemson,3.0,JAX,QB,plfinken,1060410179696533504
Amon-Ra St. Brown,USC,3.0,DET,WR,plfinken,1060410179696533504
Khalil Herbert,Virginia Tech,3.0,CHI,RB,plfinken,1060410179696533504
Wan'Dale Robinson,Kentucky,2.0,NYG,WR,plfinken,1060410179696533504
Tyler Allgeier,BYU,2.0,ATL,RB,plfinken,1060410179696533504
Chris Olave,Ohio State,2.0,NO,WR,plfinken,1060410179696533504
Tank Bigsby,Auburn,1.0,JAX,RB,plfinken,1060410179696533504
Michael Mayer,Notre Dame,1.0,LV,TE,plfinken,1060410179696533504
Tyler Scott,Cincinnati,1.0,CHI,WR,plfinken,1060410179696533504
Trey Palmer,Nebraska,1.0,TB,WR,plfinken,1060410179696533504
Marvin Mims,Oklahoma,1.0,DEN,WR,plfinken,1060410179696533504
Tank Dell,Houston,1.0,HOU,WR,plfinken,1060410179696533504
Will Levis,Kentucky,1.0,TEN,QB,plfinken,1060410179696533504
Luke Schoonmaker,Michigan,1.0,DAL,TE,CoryPeisert,1060410179696533504
Braelon Allen,Wisconsin,0.0,NYJ,RB,CoryPeisert,1060410179696533504
Bucky Irving,Oregon,0.0,TB,RB,CoryPeisert,1060410179696533504
Blake Corum,Michigan,0.0,LAR,RB,CoryPeisert,1060410179696533504
Jawhar Jordan,Louisville,0.0,HOU,RB,CoryPeisert,1060410179696533504
Jase McClellan,Alabama,0.0,ATL,RB,CoryPeisert,1060410179696533504
AJ Barner,Michigan,0.0,SEA,TE,CoryPeisert,1060410179696533504
Jalen McMillan,Washington,0.0,TB,WR,CoryPeisert,1060410179696533504
Roman Wilson,Michigan,0.0,PIT,WR,CoryPeisert,1060410179696533504
Ladd McConkey,Georgia,0.0,LAC,WR,CoryPeisert,1060410179696533504
Jalen Coker,Holy Cross,0.0,CAR,WR,CoryPeisert,1060410179696533504
Jerick McKinnon,Georgia Southern,10.0,,RB,CoryPeisert,1060410179696533504
A.J. Brown,Ole Miss,5.0,PHI,WR,CoryPeisert,1060410179696533504
Deebo Samuel,South Carolina,5.0,SF,WR,CoryPeisert,1060410179696533504
Joe Burrow,LSU,4.0,CIN,QB,CoryPeisert,1060410179696533504
Michael Pittman,USC,4.0,IND,WR,CoryPeisert,1060410179696533504
Zack Moss,Utah,4.0,CIN,RB,CoryPeisert,1060410179696533504
Najee Harris,Alabama,3.0,PIT,RB,CoryPeisert,1060410179696533504
Elijah Mitchell,Louisiana,3.0,SF,RB,CoryPeisert,1060410179696533504
Tutu Atwell,Louisville,3.0,LAR,WR,CoryPeisert,1060410179696533504
Pat Freiermuth,Penn State,3.0,PIT,TE,CoryPeisert,1060410179696533504
Trey Lance,North Dakota State,3.0,DAL,QB,CoryPeisert,1060410179696533504
Isaiah Likely,Coastal Carolina,2.0,BAL,TE,CoryPeisert,1060410179696533504
Kenneth Walker,Michigan State,2.0,SEA,RB,CoryPeisert,1060410179696533504
Sam Howell,North Carolina,2.0,SEA,QB,CoryPeisert,1060410179696533504
Anthony Richardson,Florida,1.0,IND,QB,CoryPeisert,1060410179696533504
Jaxon Smith-Njigba,Ohio State,1.0,SEA,WR,CoryPeisert,1060410179696533504
Cameron Latu,Alabama,1.0,SF,TE,koolaid403,1060410179696533504
Emari Demercado,TCU,1.0,ARI,RB,koolaid403,1060410179696533504
Bo Nix,Oregon,0.0,DEN,QB,koolaid403,1060410179696533504
Jordan Travis,Florida State,0.0,NYJ,QB,koolaid403,1060410179696533504
Frank Gore,Southern Miss,0.0,BUF,RB,koolaid403,1060410179696533504
Ben Sinnott,Kansas State,0.0,WAS,TE,koolaid403,1060410179696533504
Ainias Smith,Texas A&M,0.0,PHI,WR,koolaid403,1060410179696533504
Xavier Worthy,Texas,0.0,KC,WR,koolaid403,1060410179696533504
Jamari Thrash,Louisville,0.0,CLE,WR,koolaid403,1060410179696533504
Cody Schrader,Missouri,0.0,SF,RB,koolaid403,1060410179696533504
Travis Kelce,Cincinnati,11.0,KC,TE,koolaid403,1060410179696533504
Ezekiel Elliott,Ohio State,8.0,DAL,RB,koolaid403,1060410179696533504
Christian McCaffrey,Stanford,7.0,SF,RB,koolaid403,1060410179696533504
James Conner,Pittsburgh,7.0,ARI,RB,koolaid403,1060410179696533504
Noah Brown,Ohio State,7.0,HOU,WR,koolaid403,1060410179696533504
Baker Mayfield,Oklahoma,6.0,TB,QB,koolaid403,1060410179696533504
Hollywood Brown,Oklahoma,5.0,KC,WR,koolaid403,1060410179696533504
Cole Kmet,Notre Dame,4.0,CHI,TE,koolaid403,1060410179696533504
Jaylen Waddle,Alabama,3.0,MIA,WR,koolaid403,1060410179696533504
Chuba Hubbard,Oklahoma State,3.0,CAR,RB,koolaid403,1060410179696533504
Kadarius Toney,Florida,3.0,KC,WR,koolaid403,1060410179696533504
Joshua Palmer,Tennessee,3.0,LAC,WR,koolaid403,1060410179696533504
Jameson Williams,Alabama,2.0,DET,WR,koolaid403,1060410179696533504
Kyren Williams,Notre Dame,2.0,LAR,RB,koolaid403,1060410179696533504
Tyquan Thornton,Baylor,2.0,NE,WR,koolaid403,1060410179696533504
Rashid Shaheed,Weber State,2.0,NO,WR,koolaid403,1060410179696533504
C.J. Stroud,Ohio State,1.0,HOU,QB,koolaid403,1060410179696533504
Audric Estime,Notre Dame,0.0,DEN,RB,ProfessorD,1097749730030931968
MarShawn Lloyd,USC,0.0,GB,RB,ProfessorD,1097749730030931968
Malik Nabers,LSU,0.0,NYG,WR,ProfessorD,1097749730030931968
Russell Wilson,Wisconsin,12.0,PIT,QB,ProfessorD,1097749730030931968
Mike Evans,Texas A&M,10.0,TB,WR,ProfessorD,1097749730030931968
Jacoby Brissett,North Carolina State,8.0,NE,QB,ProfessorD,1097749730030931968
Zay Jones,East Carolina,7.0,ARI,WR,ProfessorD,1097749730030931968
Aaron Jones,UTEP,7.0,MIN,RB,ProfessorD,1097749730030931968
Saquon Barkley,Penn State,6.0,PHI,RB,ProfessorD,1097749730030931968
Tyler Conklin,Central Michigan,6.0,NYJ,TE,ProfessorD,1097749730030931968
Daniel Jones,Duke,5.0,NYG,QB,ProfessorD,1097749730030931968
Donald Parham,Stetson,5.0,LAC,TE,ProfessorD,1097749730030931968
Joe Burrow,LSU,4.0,CIN,QB,ProfessorD,1097749730030931968
Joshua Palmer,Tennessee,3.0,LAC,WR,ProfessorD,1097749730030931968
Noah Gray,Duke,3.0,KC,TE,ProfessorD,1097749730030931968
Jake Ferguson,Wisconsin,2.0,DAL,TE,ProfessorD,1097749730030931968
Treylon Burks,Arkansas,2.0,TEN,WR,ProfessorD,1097749730030931968
Alec Pierce,Cincinnati,2.0,IND,WR,ProfessorD,1097749730030931968
Breece Hall,Iowa State,2.0,NYJ,RB,ProfessorD,1097749730030931968
Christian Watson,North Dakota State,2.0,GB,WR,ProfessorD,1097749730030931968
Bo Melton,Rutgers,2.0,GB,WR,ProfessorD,1097749730030931968
Jaylen Warren,Oklahoma State,2.0,PIT,RB,ProfessorD,1097749730030931968
Dontayvion Wicks,Virginia,1.0,GB,WR,ProfessorD,1097749730030931968
Tank Dell,Houston,1.0,HOU,WR,ProfessorD,1097749730030931968
Deuce Vaughn,Kansas State,1.0,DAL,RB,ProfessorD,1097749730030931968
Bo Nix,Oregon,0.0,DEN,QB,gpeisert1,1097749730030931968
Jonathon Brooks,Texas,0.0,CAR,RB,gpeisert1,1097749730030931968
Troy Franklin,Oregon,0.0,DEN,WR,gpeisert1,1097749730030931968
Jared Goff,California,8.0,DET,QB,gpeisert1,1097749730030931968
Tyler Higbee,Western Kentucky,8.0,LAR,TE,gpeisert1,1097749730030931968
Mitchell Trubisky,North Carolina,7.0,BUF,QB,gpeisert1,1097749730030931968
Hayden Hurst,South Carolina,6.0,LAC,TE,gpeisert1,1097749730030931968
Josh Allen,Wyoming,6.0,BUF,QB,gpeisert1,1097749730030931968
Terry McLaurin,Ohio State,5.0,WAS,WR,gpeisert1,1097749730030931968
Diontae Johnson,Toledo,5.0,CAR,WR,gpeisert1,1097749730030931968
Jarrett Stidham,Auburn,5.0,DEN,QB,gpeisert1,1097749730030931968
J.K. Dobbins,Ohio State,4.0,LAC,RB,gpeisert1,1097749730030931968
Gabe Davis,UCF,4.0,JAX,WR,gpeisert1,1097749730030931968
Juwan Johnson,Oregon,4.0,NO,TE,gpeisert1,1097749730030931968
Travis Etienne,Clemson,3.0,JAX,RB,gpeisert1,1097749730030931968
Kyle Pitts,Florida,3.0,ATL,TE,gpeisert1,1097749730030931968
Elijah Mitchell,Louisiana,3.0,SF,RB,gpeisert1,1097749730030931968
Rashod Bateman,Minnesota,3.0,BAL,WR,gpeisert1,1097749730030931968
Rhamondre Stevenson,Oklahoma,3.0,NE,RB,gpeisert1,1097749730030931968
George Pickens,Georgia,2.0,PIT,WR,gpeisert1,1097749730030931968
Garrett Wilson,Ohio State,2.0,NYJ,WR,gpeisert1,1097749730030931968
Tank Bigsby,Auburn,1.0,JAX,RB,gpeisert1,1097749730030931968
Luke Musgrave,Oregon State,1.0,GB,TE,gpeisert1,1097749730030931968
Jalin Hyatt,Tennessee,1.0,NYG,WR,gpeisert1,1097749730030931968
Hendon Hooker,Tennessee,1.0,DET,QB,gpeisert1,1097749730030931968
Chris Rodriguez,Kentucky,1.0,WAS,RB,WestCoastNonsense,1097749730030931968
Jayden Reed,Michigan State,1.0,GB,WR,WestCoastNonsense,1097749730030931968
Dalton Kincaid,Utah,1.0,BUF,TE,WestCoastNonsense,1097749730030931968
Spencer Rattler,South Carolina,0.0,NO,QB,WestCoastNonsense,1097749730030931968
Jayden Daniels,LSU,0.0,WAS,QB,WestCoastNonsense,1097749730030931968
Ja'Tavion Sanders,Texas,0.0,CAR,TE,WestCoastNonsense,1097749730030931968
Keon Coleman,Florida State,0.0,BUF,WR,WestCoastNonsense,1097749730030931968
Kimani Vidal,Troy,0.0,LAC,RB,WestCoastNonsense,1097749730030931968
Marcus Mariota,Oregon,9.0,WAS,QB,WestCoastNonsense,1097749730030931968
Demarcus Robinson,Florida,8.0,LAR,WR,WestCoastNonsense,1097749730030931968
Greg Dortch,Wake Forest,5.0,ARI,WR,WestCoastNonsense,1097749730030931968
Easton Stick,North Dakota State,5.0,LAC,QB,WestCoastNonsense,1097749730030931968
CeeDee Lamb,Oklahoma,4.0,DAL,WR,WestCoastNonsense,1097749730030931968
Justin Herbert,Oregon,4.0,LAC,QB,WestCoastNonsense,1097749730030931968
Colby Parkinson,Stanford,4.0,LAR,TE,WestCoastNonsense,1097749730030931968
Rico Dowdle,South Carolina,4.0,DAL,RB,WestCoastNonsense,1097749730030931968
Wan'Dale Robinson,Kentucky,2.0,NYG,WR,WestCoastNonsense,1097749730030931968
James Cook,Georgia,2.0,BUF,RB,WestCoastNonsense,1097749730030931968
Zamir White,Georgia,2.0,LV,RB,WestCoastNonsense,1097749730030931968
Jahmyr Gibbs,Alabama,1.0,DET,RB,WestCoastNonsense,1097749730030931968
Chase Brown,Illinois,1.0,CIN,RB,WestCoastNonsense,1097749730030931968
Tucker Kraft,South Dakota State,1.0,GB,TE,WestCoastNonsense,1097749730030931968
Jaxon Smith-Njigba,Ohio State,1.0,SEA,WR,WestCoastNonsense,1097749730030931968
Josh Downs,North Carolina,1.0,IND,WR,WestCoastNonsense,1097749730030931968
Jordan Addison,USC,1.0,MIN,WR,WestCoastNonsense,1097749730030931968
Sam LaPorta,Iowa,1.0,DET,TE,theBandit216,1097749730030931968
Frank Gore,Southern Miss,0.0,BUF,RB,theBandit216,1097749730030931968
Ray Davis,Kentucky,0.0,BUF,RB,theBandit216,1097749730030931968
Braelon Allen,Wisconsin,0.0,NYJ,RB,theBandit216,1097749730030931968
Tyrone Tracy,Purdue,0.0,NYG,RB,theBandit216,1097749730030931968
Geno Smith,West Virginia,11.0,SEA,QB,theBandit216,1097749730030931968
Joe Flacco,Delaware,16.0,IND,QB,theBandit216,1097749730030931968
Davante Adams,Fresno State,10.0,LV,WR,theBandit216,1097749730030931968
Brandin Cooks,Oregon State,10.0,DAL,WR,theBandit216,1097749730030931968
Tyler Boyd,Pittsburgh,8.0,TEN,WR,theBandit216,1097749730030931968
David Njoku,Miami (FL),7.0,CLE,TE,theBandit216,1097749730030931968
JuJu Smith-Schuster,USC,7.0,NE,WR,theBandit216,1097749730030931968
Patrick Mahomes,Texas Tech,7.0,KC,QB,theBandit216,1097749730030931968
D'Onta Foreman,Texas,7.0,CLE,RB,theBandit216,1097749730030931968
Josh Reynolds,Texas A&M,7.0,DEN,WR,theBandit216,1097749730030931968
Nick Chubb,Georgia,6.0,CLE,RB,theBandit216,1097749730030931968
Marquez Valdes-Scantling,South Florida,6.0,BUF,WR,theBandit216,1097749730030931968
Deebo Samuel,South Carolina,5.0,SF,WR,theBandit216,1097749730030931968
Jakobi Meyers,North Carolina State,5.0,LV,WR,theBandit216,1097749730030931968
D'Andre Swift,Georgia,4.0,CHI,RB,theBandit216,1097749730030931968
Jordan Love,Utah State,4.0,GB,QB,theBandit216,1097749730030931968
Donovan Peoples-Jones,Michigan,4.0,DET,WR,theBandit216,1097749730030931968
Jahan Dotson,Penn State,2.0,WAS,WR,theBandit216,1097749730030931968
Rachaad White,Arizona State,2.0,TB,RB,theBandit216,1097749730030931968
Zach Charbonnet,UCLA,1.0,SEA,RB,theBandit216,1097749730030931968
Eric Gray,Oklahoma,1.0,NYG,RB,jnappy,1097749730030931968
Michael Wilson,Stanford,1.0,ARI,WR,jnappy,1097749730030931968
A.T. Perry,Wake Forest,1.0,NO,WR,jnappy,1097749730030931968
Dylan Laube,New Hampshire,0.0,LV,RB,jnappy,1097749730030931968
Erick All,Iowa,0.0,CIN,TE,jnappy,1097749730030931968
Jalen McMillan,Washington,0.0,TB,WR,jnappy,1097749730030931968
Ja'Lynn Polk,Washington,0.0,NE,WR,jnappy,1097749730030931968
Xavier Worthy,Texas,0.0,KC,WR,jnappy,1097749730030931968
Jaylen Wright,Tennessee,0.0,MIA,RB,jnappy,1097749730030931968
Jimmy Garoppolo,Eastern Illinois,10.0,LAR,QB,jnappy,1097749730030931968
Derek Carr,Fresno State,10.0,NO,QB,jnappy,1097749730030931968
Joe Mixon,Oklahoma,7.0,HOU,RB,jnappy,1097749730030931968
Alvin Kamara,Tennessee,7.0,NO,RB,jnappy,1097749730030931968
Calvin Ridley,Alabama,6.0,TEN,WR,jnappy,1097749730030931968
Kyler Murray,Oklahoma,5.0,ARI,QB,jnappy,1097749730030931968
Justin Jefferson,LSU,4.0,MIN,WR,jnappy,1097749730030931968
Michael Pittman,USC,4.0,IND,WR,jnappy,1097749730030931968
Amon-Ra St. Brown,USC,3.0,DET,WR,jnappy,1097749730030931968
Trey McBride,Colorado State,2.0,ARI,TE,jnappy,1097749730030931968
Jerome Ford,Cincinnati,2.0,CLE,RB,jnappy,1097749730030931968
Greg Dulcich,UCLA,2.0,DEN,TE,jnappy,1097749730030931968
Daniel Bellinger,San Diego State,2.0,NYG,TE,jnappy,1097749730030931968
Tyjae Spears,Tulane,1.0,TEN,RB,jnappy,1097749730030931968
Keaton Mitchell,East Carolina,1.0,BAL,RB,jnappy,1097749730030931968
Will Levis,Kentucky,1.0,TEN,QB,jnappy,1097749730030931968
Jonathan Mingo,Ole Miss,1.0,CAR,WR,Mschmoopie,1097749730030931968
Blake Corum,Michigan,0.0,LAR,RB,Mschmoopie,1097749730030931968
Trey Benson,Florida State,0.0,ARI,RB,Mschmoopie,1097749730030931968
Rome Odunze,Washington,0.0,CHI,WR,Mschmoopie,1097749730030931968
Roman Wilson,Michigan,0.0,PIT,WR,Mschmoopie,1097749730030931968
Jermaine Burton,Alabama,0.0,CIN,WR,Mschmoopie,1097749730030931968
Javon Baker,UCF,0.0,NE,WR,Mschmoopie,1097749730030931968
Isaac Guerendo,Louisville,0.0,SF,RB,Mschmoopie,1097749730030931968
Tip Reiman,Illinois,0.0,ARI,TE,Mschmoopie,1097749730030931968
Raheem Mostert,Purdue,9.0,MIA,RB,Mschmoopie,1097749730030931968
Baker Mayfield,Oklahoma,6.0,TB,QB,Mschmoopie,1097749730030931968
Gus Edwards,Rutgers,6.0,LAC,RB,Mschmoopie,1097749730030931968
DK Metcalf,Ole Miss,5.0,SEA,WR,Mschmoopie,1097749730030931968
Jake Browning,Washington,5.0,CIN,QB,Mschmoopie,1097749730030931968
K.J. Osborn,Miami (FL),4.0,NE,WR,Mschmoopie,1097749730030931968
Ja'Marr Chase,LSU,3.0,CIN,WR,Mschmoopie,1097749730030931968
Nico Collins,Michigan,3.0,HOU,WR,Mschmoopie,1097749730030931968
Justin Fields,Ohio State,3.0,PIT,QB,Mschmoopie,1097749730030931968
Pat Freiermuth,Penn State,3.0,PIT,TE,Mschmoopie,1097749730030931968
Kyren Williams,Notre Dame,2.0,LAR,RB,Mschmoopie,1097749730030931968
Sam Howell,North Carolina,2.0,SEA,QB,Mschmoopie,1097749730030931968
Chigoziem Okonkwo,Maryland,2.0,TEN,TE,Mschmoopie,1097749730030931968
Jelani Woods,Virginia,2.0,IND,TE,Mschmoopie,1097749730030931968
De'Von Achane,Texas A&M,1.0,MIA,RB,Mschmoopie,1097749730030931968
Anthony Richardson,Florida,1.0,IND,QB,Mschmoopie,1097749730030931968
Caleb Williams,USC,0.0,CHI,QB,koolaid403,1097749730030931968
Drake Maye,North Carolina,0.0,NE,QB,koolaid403,1097749730030931968
Jared Wiley,TCU,0.0,KC,TE,koolaid403,1097749730030931968
Theo Johnson,Penn State,0.0,NYG,TE,koolaid403,1097749730030931968
Ainias Smith,Texas A&M,0.0,PHI,WR,koolaid403,1097749730030931968
Luke McCaffrey,Rice,0.0,WAS,WR,koolaid403,1097749730030931968
Travis Kelce,Cincinnati,11.0,KC,TE,koolaid403,1097749730030931968
Tyreek Hill,West Alabama,8.0,MIA,WR,koolaid403,1097749730030931968
Mike Williams,Clemson,7.0,NYJ,WR,koolaid403,1097749730030931968
Gerald Everett,South Alabama,7.0,CHI,TE,koolaid403,1097749730030931968
James Conner,Pittsburgh,7.0,ARI,RB,koolaid403,1097749730030931968
Samaje Perine,Oklahoma,7.0,DEN,RB,koolaid403,1097749730030931968
Matthew Stafford,Georgia,15.0,LAR,QB,koolaid403,1097749730030931968
Christian Kirk,Texas A&M,6.0,JAX,WR,koolaid403,1097749730030931968
Josh Jacobs,Alabama,5.0,GB,RB,koolaid403,1097749730030931968
Drew Lock,Missouri,5.0,NYG,QB,koolaid403,1097749730030931968
Alexander Mattison,Boise State,5.0,LV,RB,koolaid403,1097749730030931968
Darius Slayton,Auburn,5.0,NYG,WR,koolaid403,1097749730030931968
Cole Kmet,Notre Dame,4.0,CHI,TE,koolaid403,1097749730030931968
Jaylen Waddle,Alabama,3.0,MIA,WR,koolaid403,1097749730030931968
Javonte Williams,North Carolina,3.0,DEN,RB,koolaid403,1097749730030931968
Isaiah Likely,Coastal Carolina,2.0,BAL,TE,koolaid403,1097749730030931968
Tyler Allgeier,BYU,2.0,ATL,RB,koolaid403,1097749730030931968
Tyrod Taylor,Virginia Tech,13.0,NYJ,QB,koolaid403,1097749730030931968
Rashid Shaheed,Weber State,2.0,NO,WR,koolaid403,1097749730030931968
Roschon Johnson,Texas,1.0,CHI,RB,ConorDeLa,1097749730030931968
Will Shipley,Clemson,0.0,PHI,RB,ConorDeLa,1097749730030931968
Cade Stover,Ohio State,0.0,HOU,TE,ConorDeLa,1097749730030931968
Brock Bowers,Georgia,0.0,LV,TE,ConorDeLa,1097749730030931968
Adonai Mitchell,Texas,0.0,IND,WR,ConorDeLa,1097749730030931968
Xavier Legette,South Carolina,0.0,CAR,WR,ConorDeLa,1097749730030931968
Brian Thomas,LSU,0.0,JAX,WR,ConorDeLa,1097749730030931968
Odell Beckham,LSU,10.0,MIA,WR,ConorDeLa,1097749730030931968
Jameis Winston,Florida State,9.0,CLE,QB,ConorDeLa,1097749730030931968
Joshua Dobbs,Tennessee,7.0,SF,QB,ConorDeLa,1097749730030931968
Sam Darnold,USC,6.0,MIN,QB,ConorDeLa,1097749730030931968
Michael Gallup,Colorado State,6.0,LV,WR,ConorDeLa,1097749730030931968
T.J. Hockenson,Iowa,5.0,MIN,TE,ConorDeLa,1097749730030931968
Hollywood Brown,Oklahoma,5.0,KC,WR,ConorDeLa,1097749730030931968
A.J. Brown,Ole Miss,5.0,PHI,WR,ConorDeLa,1097749730030931968
Justice Hill,Oklahoma State,5.0,BAL,RB,ConorDeLa,1097749730030931968
Gardner Minshew,Washington State,5.0,LV,QB,ConorDeLa,1097749730030931968
Tua Tagovailoa,Alabama,4.0,MIA,QB,ConorDeLa,1097749730030931968
Clyde Edwards-Helaire,LSU,4.0,KC,RB,ConorDeLa,1097749730030931968
Drake London,USC,2.0,ATL,WR,ConorDeLa,1097749730030931968
Brian Robinson,Alabama,2.0,WAS,RB,ConorDeLa,1097749730030931968
Marvin Mims,Oklahoma,1.0,DEN,WR,ConorDeLa,1097749730030931968
Bijan Robinson,Texas,1.0,ATL,RB,ConorDeLa,1097749730030931968
Aaron Rodgers,California,19.0,NYJ,QB,ConorDeLa,1097749730030931968
Zay Flowers,Boston College,1.0,BAL,WR,ConorDeLa,1097749730030931968
Rashee Rice,SMU,1.0,KC,WR,ChiJV,1097749730030931968
Jaleel McLaughlin,Youngstown State,1.0,DEN,RB,ChiJV,1097749730030931968
Malachi Corley,Western Kentucky,0.0,NYJ,WR,ChiJV,1097749730030931968
Marvin Harrison,Ohio State,0.0,ARI,WR,ChiJV,1097749730030931968
Devontez Walker,North Carolina,0.0,BAL,WR,ChiJV,1097749730030931968
Zach Ertz,Stanford,11.0,WAS,TE,ChiJV,1097749730030931968
Derrick Henry,Alabama,8.0,BAL,RB,ChiJV,1097749730030931968
Michael Thomas,Ohio State,8.0,,WR,ChiJV,1097749730030931968
Jamaal Williams,BYU,7.0,NO,RB,ChiJV,1097749730030931968
Kendrick Bourne,Eastern Washington,7.0,NE,WR,ChiJV,1097749730030931968
Austin Ekeler,Western Colorado,7.0,WAS,RB,ChiJV,1097749730030931968
Dallas Goedert,South Dakota State,6.0,PHI,TE,ChiJV,1097749730030931968
David Montgomery,Iowa State,5.0,DET,RB,ChiJV,1097749730030931968
Dawson Knox,Ole Miss,5.0,BUF,TE,ChiJV,1097749730030931968
Miles Sanders,Penn State,5.0,CAR,RB,ChiJV,1097749730030931968
Tee Higgins,Clemson,4.0,CIN,WR,ChiJV,1097749730030931968
Antonio Gibson,Memphis,4.0,NE,RB,ChiJV,1097749730030931968
Trevor Lawrence,Clemson,3.0,JAX,QB,ChiJV,1097749730030931968
DeVonta Smith,Alabama,3.0,PHI,WR,ChiJV,1097749730030931968
Chuba Hubbard,Oklahoma State,3.0,CAR,RB,ChiJV,1097749730030931968
Cade Otton,Washington,2.0,TB,TE,ChiJV,1097749730030931968
Romeo Doubs,Nevada,2.0,GB,WR,ChiJV,1097749730030931968
Dameon Pierce,Florida,2.0,HOU,RB,ChiJV,1097749730030931968
Jameson Williams,Alabama,2.0,DET,WR,ChiJV,1097749730030931968
C.J. Stroud,Ohio State,1.0,HOU,QB,ChiJV,1097749730030931968
Michael Penix,Washington,0.0,ATL,QB,tford51,1097749730030931968
Rasheen Ali,Marshall,0.0,BAL,RB,tford51,1097749730030931968
Ricky Pearsall,Florida,0.0,SF,WR,tford51,1097749730030931968
Kirk Cousins,Michigan State,12.0,ATL,QB,tford51,1097749730030931968
DeAndre Hopkins,Clemson,11.0,TEN,WR,tford51,1097749730030931968
Keenan Allen,California,11.0,CHI,WR,tford51,1097749730030931968
Adam Thielen,Minnesota State,11.0,CAR,WR,tford51,1097749730030931968
Amari Cooper,Alabama,9.0,CLE,WR,tford51,1097749730030931968
Tyler Lockett,Kansas State,9.0,SEA,WR,tford51,1097749730030931968
Ezekiel Elliott,Ohio State,8.0,DAL,RB,tford51,1097749730030931968
Hunter Henry,Arkansas,8.0,NE,TE,tford51,1097749730030931968
Christian McCaffrey,Stanford,7.0,SF,RB,tford51,1097749730030931968
Evan Engram,Ole Miss,7.0,JAX,TE,tford51,1097749730030931968
Jonnu Smith,Florida International,7.0,MIA,TE,tford51,1097749730030931968
Taysom Hill,BYU,7.0,NO,TE,tford51,1097749730030931968
Mike Gesicki,Penn State,6.0,CIN,TE,tford51,1097749730030931968
AJ Dillon,Boston College,4.0,GB,RB,tford51,1097749730030931968
Najee Harris,Alabama,3.0,PIT,RB,tford51,1097749730030931968
Elijah Moore,Ole Miss,3.0,CLE,WR,tford51,1097749730030931968
Rondale Moore,Purdue,3.0,ATL,WR,tford51,1097749730030931968
Trey Lance,North Dakota State,3.0,DAL,QB,tford51,1097749730030931968
Jalen Tolbert,South Alabama,2.0,DAL,WR,tford51,1097749730030931968
Chris Olave,Ohio State,2.0,NO,WR,tford51,1097749730030931968
Brock Purdy,Iowa State,2.0,SF,QB,tford51,1097749730030931968
Trey Palmer,Nebraska,1.0,TB,WR,tford51,1097749730030931968
J.J. McCarthy,Michigan,0.0,MIN,QB,plfinken,1097749730030931968
Ben Sinnott,Kansas State,0.0,WAS,TE,plfinken,1097749730030931968
Malik Washington,Virginia,0.0,MIA,WR,plfinken,1097749730030931968
Jacob Cowing,Arizona,0.0,SF,WR,plfinken,1097749730030931968
Brenden Rice,USC,0.0,LAC,WR,plfinken,1097749730030931968
Ladd McConkey,Georgia,0.0,LAC,WR,plfinken,1097749730030931968
Stefon Diggs,Maryland,9.0,HOU,WR,plfinken,1097749730030931968
Darren Waller,Georgia Tech,9.0,,TE,plfinken,1097749730030931968
Dak Prescott,Mississippi State,8.0,DAL,QB,plfinken,1097749730030931968
Cooper Kupp,Eastern Washington,7.0,LAR,WR,plfinken,1097749730030931968
George Kittle,Iowa,7.0,SF,TE,plfinken,1097749730030931968
DJ Chark,LSU,6.0,LAC,WR,plfinken,1097749730030931968
Courtland Sutton,SMU,6.0,DEN,WR,plfinken,1097749730030931968
Tony Pollard,Memphis,5.0,TEN,RB,plfinken,1097749730030931968
Devin Singletary,Florida Atlantic,5.0,NYG,RB,plfinken,1097749730030931968
Brandon Aiyuk,Arizona State,4.0,SF,WR,plfinken,1097749730030931968
Jalen Hurts,Oklahoma,4.0,PHI,QB,plfinken,1097749730030931968
Khalil Herbert,Virginia Tech,3.0,CHI,RB,plfinken,1097749730030931968
Khalil Shakir,Boise State,2.0,BUF,WR,plfinken,1097749730030931968
Kenny Pickett,Pittsburgh,2.0,PHI,QB,plfinken,1097749730030931968
Isiah Pacheco,Rutgers,2.0,KC,RB,plfinken,1097749730030931968
Evan Hull,Northwestern,1.0,IND,RB,plfinken,1097749730030931968
Michael Mayer,Notre Dame,1.0,LV,TE,plfinken,1097749730030931968
DeMario Douglas,Liberty,1.0,NE,WR,plfinken,1097749730030931968
Kendre Miller,TCU,1.0,NO,RB,plfinken,1097749730030931968
Aidan O'Connell,Purdue,1.0,LV,QB,aledo,1097749730030931968
Bucky Irving,Oregon,0.0,TB,RB,aledo,1097749730030931968
Louis Rees-Zammit,,0.0,KC,RB,aledo,1097749730030931968
Deshaun Watson,Clemson,7.0,CLE,QB,aledo,1097749730030931968
Dalvin Cook,Florida State,7.0,,RB,aledo,1097749730030931968
Chris Godwin,Penn State,7.0,TB,WR,aledo,1097749730030931968
Curtis Samuel,Ohio State,7.0,BUF,WR,aledo,1097749730030931968
Lamar Jackson,Louisville,6.0,BAL,QB,aledo,1097749730030931968
DJ Moore,Maryland,6.0,CHI,WR,aledo,1097749730030931968
Dalton Schultz,Stanford,6.0,HOU,TE,aledo,1097749730030931968
Mark Andrews,Oklahoma,6.0,BAL,TE,aledo,1097749730030931968
Tanner Hudson,Southern Arkansas,6.0,CIN,TE,aledo,1097749730030931968
Noah Fant,Iowa,5.0,SEA,TE,aledo,1097749730030931968
Jerry Jeudy,Alabama,4.0,CLE,WR,aledo,1097749730030931968
Jonathan Taylor,Wisconsin,4.0,IND,RB,aledo,1097749730030931968
Zack Moss,Utah,4.0,CIN,RB,aledo,1097749730030931968
Chase Claypool,Notre Dame,4.0,BUF,WR,aledo,1097749730030931968
Jauan Jennings,Tennessee,4.0,SF,WR,aledo,1097749730030931968
Darnell Mooney,Tulane,4.0,ATL,WR,aledo,1097749730030931968
Kenneth Gainwell,Memphis,3.0,PHI,RB,aledo,1097749730030931968
Kenneth Walker,Michigan State,2.0,SEA,RB,aledo,1097749730030931968
Ty Chandler,North Carolina,2.0,MIN,RB,aledo,1097749730030931968
Bryce Young,Alabama,1.0,CAR,QB,aledo,1097749730030931968
Puka Nacua,BYU,1.0,LAR,WR,aledo,1097749730030931968
Quentin Johnston,TCU,1.0,LAC,WR,aledo,1097749730030931968
Jayden Reed,Michigan State,1.0,GB,WR,ProfessorD,1103796139196858368
Bo Nix,Oregon,0.0,DEN,QB,ProfessorD,1103796139196858368
MarShawn Lloyd,USC,0.0,GB,RB,ProfessorD,1103796139196858368
Bucky Irving,Oregon,0.0,TB,RB,ProfessorD,1103796139196858368
Brock Bowers,Georgia,0.0,LV,TE,ProfessorD,1103796139196858368
Devontez Walker,North Carolina,0.0,BAL,WR,ProfessorD,1103796139196858368
Ladd McConkey,Georgia,0.0,LAC,WR,ProfessorD,1103796139196858368
Demarcus Robinson,Florida,8.0,LAR,WR,ProfessorD,1103796139196858368
Marquez Valdes-Scantling,South Florida,6.0,BUF,WR,ProfessorD,1103796139196858368
DK Metcalf,Ole Miss,5.0,SEA,WR,ProfessorD,1103796139196858368
Greg Dortch,Wake Forest,5.0,ARI,WR,ProfessorD,1103796139196858368
Donald Parham,Stetson,5.0,LAC,TE,ProfessorD,1103796139196858368
Tua Tagovailoa,Alabama,4.0,MIA,QB,ProfessorD,1103796139196858368
Zack Moss,Utah,4.0,CIN,RB,ProfessorD,1103796139196858368
Rico Dowdle,South Carolina,4.0,DAL,RB,ProfessorD,1103796139196858368
Jauan Jennings,Tennessee,4.0,SF,WR,ProfessorD,1103796139196858368
Jaylen Waddle,Alabama,3.0,MIA,WR,ProfessorD,1103796139196858368
Pat Freiermuth,Penn State,3.0,PIT,TE,ProfessorD,1103796139196858368
Breece Hall,Iowa State,2.0,NYJ,RB,ProfessorD,1103796139196858368
Bo Melton,Rutgers,2.0,GB,WR,ProfessorD,1103796139196858368
Dontayvion Wicks,Virginia,1.0,GB,WR,ProfessorD,1103796139196858368
DeMario Douglas,Liberty,1.0,NE,WR,ProfessorD,1103796139196858368
Bijan Robinson,Texas,1.0,ATL,RB,ProfessorD,1103796139196858368
Aaron Rodgers,California,19.0,NYJ,QB,ProfessorD,1103796139196858368
Hendon Hooker,Tennessee,1.0,DET,QB,ProfessorD,1103796139196858368
Sam LaPorta,Iowa,1.0,DET,TE,jnappy,1103796139196858368
Rasheen Ali,Marshall,0.0,BAL,RB,jnappy,1103796139196858368
Erick All,Iowa,0.0,CIN,TE,jnappy,1103796139196858368
Jacob Cowing,Arizona,0.0,SF,WR,jnappy,1103796139196858368
Roman Wilson,Michigan,0.0,PIT,WR,jnappy,1103796139196858368
Malik Nabers,LSU,0.0,NYG,WR,jnappy,1103796139196858368
Jermaine Burton,Alabama,0.0,CIN,WR,jnappy,1103796139196858368
Jaylen Wright,Tennessee,0.0,MIA,RB,jnappy,1103796139196858368
Tyrone Tracy,Purdue,0.0,NYG,RB,jnappy,1103796139196858368
Amari Cooper,Alabama,9.0,CLE,WR,jnappy,1103796139196858368
Tyler Boyd,Pittsburgh,8.0,TEN,WR,jnappy,1103796139196858368
D'Onta Foreman,Texas,7.0,CLE,RB,jnappy,1103796139196858368
Daniel Jones,Duke,5.0,NYG,QB,jnappy,1103796139196858368
Terry McLaurin,Ohio State,5.0,WAS,WR,jnappy,1103796139196858368
Darius Slayton,Auburn,5.0,NYG,WR,jnappy,1103796139196858368
Tee Higgins,Clemson,4.0,CIN,WR,jnappy,1103796139196858368
Brevin Jordan,Miami (FL),3.0,HOU,TE,jnappy,1103796139196858368
Nico Collins,Michigan,3.0,HOU,WR,jnappy,1103796139196858368
Khalil Shakir,Boise State,2.0,BUF,WR,jnappy,1103796139196858368
Chigoziem Okonkwo,Maryland,2.0,TEN,TE,jnappy,1103796139196858368
Jaylen Warren,Oklahoma State,2.0,PIT,RB,jnappy,1103796139196858368
Jahmyr Gibbs,Alabama,1.0,DET,RB,jnappy,1103796139196858368
Zach Charbonnet,UCLA,1.0,SEA,RB,jnappy,1103796139196858368
C.J. Stroud,Ohio State,1.0,HOU,QB,jnappy,1103796139196858368
Will Levis,Kentucky,1.0,TEN,QB,jnappy,1103796139196858368
Aidan O'Connell,Purdue,1.0,LV,QB,theBandit216,1103796139196858368
Frank Gore,Southern Miss,0.0,BUF,RB,theBandit216,1103796139196858368
Ray Davis,Kentucky,0.0,BUF,RB,theBandit216,1103796139196858368
Jared Wiley,TCU,0.0,KC,TE,theBandit216,1103796139196858368
Malik Washington,Virginia,0.0,MIA,WR,theBandit216,1103796139196858368
Jalen McMillan,Washington,0.0,TB,WR,theBandit216,1103796139196858368
Isaac Guerendo,Louisville,0.0,SF,RB,theBandit216,1103796139196858368
Travis Kelce,Cincinnati,11.0,KC,TE,theBandit216,1103796139196858368
Jacoby Brissett,North Carolina State,8.0,NE,QB,theBandit216,1103796139196858368
Tyreek Hill,West Alabama,8.0,MIA,WR,theBandit216,1103796139196858368
Matthew Stafford,Georgia,15.0,LAR,QB,theBandit216,1103796139196858368
Calvin Ridley,Alabama,6.0,TEN,WR,theBandit216,1103796139196858368
Nick Chubb,Georgia,6.0,CLE,RB,theBandit216,1103796139196858368
T.J. Hockenson,Iowa,5.0,MIN,TE,theBandit216,1103796139196858368
Kyler Murray,Oklahoma,5.0,ARI,QB,theBandit216,1103796139196858368
Drew Lock,Missouri,5.0,NYG,QB,theBandit216,1103796139196858368
Jarrett Stidham,Auburn,5.0,DEN,QB,theBandit216,1103796139196858368
D'Andre Swift,Georgia,4.0,CHI,RB,theBandit216,1103796139196858368
Brandon Aiyuk,Arizona State,4.0,SF,WR,theBandit216,1103796139196858368
Justin Fields,Ohio State,3.0,PIT,QB,theBandit216,1103796139196858368
Chuba Hubbard,Oklahoma State,3.0,CAR,RB,theBandit216,1103796139196858368
Khalil Herbert,Virginia Tech,3.0,CHI,RB,theBandit216,1103796139196858368
Jerome Ford,Cincinnati,2.0,CLE,RB,theBandit216,1103796139196858368
Jameson Williams,Alabama,2.0,DET,WR,theBandit216,1103796139196858368
Isiah Pacheco,Rutgers,2.0,KC,RB,theBandit216,1103796139196858368
Chris Rodriguez,Kentucky,1.0,WAS,RB,WestCoastNonsense,1103796139196858368
A.T. Perry,Wake Forest,1.0,NO,WR,WestCoastNonsense,1103796139196858368
Michael Penix,Washington,0.0,ATL,QB,WestCoastNonsense,1103796139196858368
Spencer Rattler,South Carolina,0.0,NO,QB,WestCoastNonsense,1103796139196858368
Drake Maye,North Carolina,0.0,NE,QB,WestCoastNonsense,1103796139196858368
Braelon Allen,Wisconsin,0.0,NYJ,RB,WestCoastNonsense,1103796139196858368
Jonathon Brooks,Texas,0.0,CAR,RB,WestCoastNonsense,1103796139196858368
Trey Benson,Florida State,0.0,ARI,RB,WestCoastNonsense,1103796139196858368
Ja'Tavion Sanders,Texas,0.0,CAR,TE,WestCoastNonsense,1103796139196858368
Rome Odunze,Washington,0.0,CHI,WR,WestCoastNonsense,1103796139196858368
Brian Thomas,LSU,0.0,JAX,WR,WestCoastNonsense,1103796139196858368
Ricky Pearsall,Florida,0.0,SF,WR,WestCoastNonsense,1103796139196858368
Javon Baker,UCF,0.0,NE,WR,WestCoastNonsense,1103796139196858368
Jake Browning,Washington,5.0,CIN,QB,WestCoastNonsense,1103796139196858368
Joe Burrow,LSU,4.0,CIN,QB,WestCoastNonsense,1103796139196858368
DeVonta Smith,Alabama,3.0,PHI,WR,WestCoastNonsense,1103796139196858368
Ja'Marr Chase,LSU,3.0,CIN,WR,WestCoastNonsense,1103796139196858368
Trey McBride,Colorado State,2.0,ARI,TE,WestCoastNonsense,1103796139196858368
James Cook,Georgia,2.0,BUF,RB,WestCoastNonsense,1103796139196858368
Daniel Bellinger,San Diego State,2.0,NYG,TE,WestCoastNonsense,1103796139196858368
Evan Hull,Northwestern,1.0,IND,RB,WestCoastNonsense,1103796139196858368
Chase Brown,Illinois,1.0,CIN,RB,WestCoastNonsense,1103796139196858368
De'Von Achane,Texas A&M,1.0,MIA,RB,WestCoastNonsense,1103796139196858368
Tucker Kraft,South Dakota State,1.0,GB,TE,WestCoastNonsense,1103796139196858368
Josh Downs,North Carolina,1.0,IND,WR,WestCoastNonsense,1103796139196858368
Eric Gray,Oklahoma,1.0,NYG,RB,gpeisert1,1103796139196858368
Luke McCaffrey,Rice,0.0,WAS,WR,gpeisert1,1103796139196858368
Kirk Cousins,Michigan State,12.0,ATL,QB,gpeisert1,1103796139196858368
Geno Smith,West Virginia,11.0,SEA,QB,gpeisert1,1103796139196858368
Joe Mixon,Oklahoma,7.0,HOU,RB,gpeisert1,1103796139196858368
Christian McCaffrey,Stanford,7.0,SF,RB,gpeisert1,1103796139196858368
Gerald Everett,South Alabama,7.0,CHI,TE,gpeisert1,1103796139196858368
Josh Reynolds,Texas A&M,7.0,DEN,WR,gpeisert1,1103796139196858368
Mike Gesicki,Penn State,6.0,CIN,TE,gpeisert1,1103796139196858368
Will Dissly,Washington,6.0,LAC,TE,gpeisert1,1103796139196858368
Diontae Johnson,Toledo,5.0,CAR,WR,gpeisert1,1103796139196858368
Michael Pittman,USC,4.0,IND,WR,gpeisert1,1103796139196858368
Juwan Johnson,Oregon,4.0,NO,TE,gpeisert1,1103796139196858368
Darnell Mooney,Tulane,4.0,ATL,WR,gpeisert1,1103796139196858368
Elijah Mitchell,Louisiana,3.0,SF,RB,gpeisert1,1103796139196858368
Rashod Bateman,Minnesota,3.0,BAL,WR,gpeisert1,1103796139196858368
George Pickens,Georgia,2.0,PIT,WR,gpeisert1,1103796139196858368
Garrett Wilson,Ohio State,2.0,NYJ,WR,gpeisert1,1103796139196858368
Brian Robinson,Alabama,2.0,WAS,RB,gpeisert1,1103796139196858368
Sam Howell,North Carolina,2.0,SEA,QB,gpeisert1,1103796139196858368
Christian Watson,North Dakota State,2.0,GB,WR,gpeisert1,1103796139196858368
Brock Purdy,Iowa State,2.0,SF,QB,gpeisert1,1103796139196858368
Luke Musgrave,Oregon State,1.0,GB,TE,gpeisert1,1103796139196858368
Jalin Hyatt,Tennessee,1.0,NYG,WR,gpeisert1,1103796139196858368
Tyjae Spears,Tulane,1.0,TEN,RB,gpeisert1,1103796139196858368
Michael Wilson,Stanford,1.0,ARI,WR,ConorDeLa,1103796139196858368
Roschon Johnson,Texas,1.0,CHI,RB,ConorDeLa,1103796139196858368
Dylan Laube,New Hampshire,0.0,LV,RB,ConorDeLa,1103796139196858368
Will Shipley,Clemson,0.0,PHI,RB,ConorDeLa,1103796139196858368
Xavier Worthy,Texas,0.0,KC,WR,ConorDeLa,1103796139196858368
Adonai Mitchell,Texas,0.0,IND,WR,ConorDeLa,1103796139196858368
Xavier Legette,South Carolina,0.0,CAR,WR,ConorDeLa,1103796139196858368
Keon Coleman,Florida State,0.0,BUF,WR,ConorDeLa,1103796139196858368
Dak Prescott,Mississippi State,8.0,DAL,QB,ConorDeLa,1103796139196858368
Joshua Dobbs,Tennessee,7.0,SF,QB,ConorDeLa,1103796139196858368
Dalton Schultz,Stanford,6.0,HOU,TE,ConorDeLa,1103796139196858368
Michael Gallup,Colorado State,6.0,LV,WR,ConorDeLa,1103796139196858368
Gardner Minshew,Washington State,5.0,LV,QB,ConorDeLa,1103796139196858368
Justin Jefferson,LSU,4.0,MIN,WR,ConorDeLa,1103796139196858368
Clyde Edwards-Helaire,LSU,4.0,KC,RB,ConorDeLa,1103796139196858368
Trevor Lawrence,Clemson,3.0,JAX,QB,ConorDeLa,1103796139196858368
Javonte Williams,North Carolina,3.0,DEN,RB,ConorDeLa,1103796139196858368
Rondale Moore,Purdue,3.0,ATL,WR,ConorDeLa,1103796139196858368
Jake Ferguson,Wisconsin,2.0,DAL,TE,ConorDeLa,1103796139196858368
Drake London,USC,2.0,ATL,WR,ConorDeLa,1103796139196858368
Dameon Pierce,Florida,2.0,HOU,RB,ConorDeLa,1103796139196858368
Rachaad White,Arizona State,2.0,TB,RB,ConorDeLa,1103796139196858368
Greg Dulcich,UCLA,2.0,DEN,TE,ConorDeLa,1103796139196858368
Deuce Vaughn,Kansas State,1.0,DAL,RB,ConorDeLa,1103796139196858368
Zay Flowers,Boston College,1.0,BAL,WR,ConorDeLa,1103796139196858368
Caleb Williams,USC,0.0,CHI,QB,koolaid403,1103796139196858368
Blake Corum,Michigan,0.0,LAR,RB,koolaid403,1103796139196858368
Theo Johnson,Penn State,0.0,NYG,TE,koolaid403,1103796139196858368
Troy Franklin,Oregon,0.0,DEN,WR,koolaid403,1103796139196858368
Keenan Allen,California,11.0,CHI,WR,koolaid403,1103796139196858368
Joe Flacco,Delaware,16.0,IND,QB,koolaid403,1103796139196858368
Davante Adams,Fresno State,10.0,LV,WR,koolaid403,1103796139196858368
Tyler Lockett,Kansas State,9.0,SEA,WR,koolaid403,1103796139196858368
Hunter Henry,Arkansas,8.0,NE,TE,koolaid403,1103796139196858368
Tyler Higbee,Western Kentucky,8.0,LAR,TE,koolaid403,1103796139196858368
David Njoku,Miami (FL),7.0,CLE,TE,koolaid403,1103796139196858368
Evan Engram,Ole Miss,7.0,JAX,TE,koolaid403,1103796139196858368
James Conner,Pittsburgh,7.0,ARI,RB,koolaid403,1103796139196858368
Noah Brown,Ohio State,7.0,HOU,WR,koolaid403,1103796139196858368
Austin Ekeler,Western Colorado,7.0,WAS,RB,koolaid403,1103796139196858368
Saquon Barkley,Penn State,6.0,PHI,RB,koolaid403,1103796139196858368
Hayden Hurst,South Carolina,6.0,LAC,TE,koolaid403,1103796139196858368
Deebo Samuel,South Carolina,5.0,SF,WR,koolaid403,1103796139196858368
Alexander Mattison,Boise State,5.0,LV,RB,koolaid403,1103796139196858368
AJ Dillon,Boston College,4.0,GB,RB,koolaid403,1103796139196858368
Jalen Hurts,Oklahoma,4.0,PHI,QB,koolaid403,1103796139196858368
Rashid Shaheed,Weber State,2.0,NO,WR,koolaid403,1103796139196858368
Tank Bigsby,Auburn,1.0,JAX,RB,koolaid403,1103796139196858368
Michael Mayer,Notre Dame,1.0,LV,TE,koolaid403,1103796139196858368
Trey Palmer,Nebraska,1.0,TB,WR,koolaid403,1103796139196858368
Dalton Kincaid,Utah,1.0,BUF,TE,Mschmoopie,1103796139196858368
Jaleel McLaughlin,Youngstown State,1.0,DEN,RB,Mschmoopie,1103796139196858368
Jayden Daniels,LSU,0.0,WAS,QB,Mschmoopie,1103796139196858368
Cade Stover,Ohio State,0.0,HOU,TE,Mschmoopie,1103796139196858368
Marvin Harrison,Ohio State,0.0,ARI,WR,Mschmoopie,1103796139196858368
Alvin Kamara,Tennessee,7.0,NO,RB,Mschmoopie,1103796139196858368
Zay Jones,East Carolina,7.0,ARI,WR,Mschmoopie,1103796139196858368
Curtis Samuel,Ohio State,7.0,BUF,WR,Mschmoopie,1103796139196858368
Jonnu Smith,Florida International,7.0,MIA,TE,Mschmoopie,1103796139196858368
Josh Allen,Wyoming,6.0,BUF,QB,Mschmoopie,1103796139196858368
Dawson Knox,Ole Miss,5.0,BUF,TE,Mschmoopie,1103796139196858368
Justice Hill,Oklahoma State,5.0,BAL,RB,Mschmoopie,1103796139196858368
Jonathan Taylor,Wisconsin,4.0,IND,RB,Mschmoopie,1103796139196858368
Noah Gray,Duke,3.0,KC,TE,Mschmoopie,1103796139196858368
Jahan Dotson,Penn State,2.0,WAS,WR,Mschmoopie,1103796139196858368
Isaiah Likely,Coastal Carolina,2.0,BAL,TE,Mschmoopie,1103796139196858368
Treylon Burks,Arkansas,2.0,TEN,WR,Mschmoopie,1103796139196858368
Zamir White,Georgia,2.0,LV,RB,Mschmoopie,1103796139196858368
Desmond Ridder,Cincinnati,2.0,ARI,QB,Mschmoopie,1103796139196858368
Bryce Young,Alabama,1.0,CAR,QB,Mschmoopie,1103796139196858368
Jaxon Smith-Njigba,Ohio State,1.0,SEA,WR,Mschmoopie,1103796139196858368
Marvin Mims,Oklahoma,1.0,DEN,WR,Mschmoopie,1103796139196858368
Tank Dell,Houston,1.0,HOU,WR,Mschmoopie,1103796139196858368
Jordan Addison,USC,1.0,MIN,WR,Mschmoopie,1103796139196858368
Kendre Miller,TCU,1.0,NO,RB,Mschmoopie,1103796139196858368
J.J. McCarthy,Michigan,0.0,MIN,QB,Deerslayer65,1103796139196858368
Audric Estime,Notre Dame,0.0,DEN,RB,Deerslayer65,1103796139196858368
Malachi Corley,Western Kentucky,0.0,NYJ,WR,Deerslayer65,1103796139196858368
Ja'Lynn Polk,Washington,0.0,NE,WR,Deerslayer65,1103796139196858368
Jimmy Garoppolo,Eastern Illinois,10.0,LAR,QB,Deerslayer65,1103796139196858368
Darren Waller,Georgia Tech,9.0,,TE,Deerslayer65,1103796139196858368
Raheem Mostert,Purdue,9.0,MIA,RB,Deerslayer65,1103796139196858368
Jared Goff,California,8.0,DET,QB,Deerslayer65,1103796139196858368
Chris Godwin,Penn State,7.0,TB,WR,Deerslayer65,1103796139196858368
Cooper Kupp,Eastern Washington,7.0,LAR,WR,Deerslayer65,1103796139196858368
Samaje Perine,Oklahoma,7.0,DEN,RB,Deerslayer65,1103796139196858368
Aaron Jones,UTEP,7.0,MIN,RB,Deerslayer65,1103796139196858368
Lamar Jackson,Louisville,6.0,BAL,QB,Deerslayer65,1103796139196858368
Mark Andrews,Oklahoma,6.0,BAL,TE,Deerslayer65,1103796139196858368
Josh Jacobs,Alabama,5.0,GB,RB,Deerslayer65,1103796139196858368
A.J. Brown,Ole Miss,5.0,PHI,WR,Deerslayer65,1103796139196858368
Devin Singletary,Florida Atlantic,5.0,NYG,RB,Deerslayer65,1103796139196858368
Donovan Peoples-Jones,Michigan,4.0,DET,WR,Deerslayer65,1103796139196858368
Cole Kmet,Notre Dame,4.0,CHI,TE,Deerslayer65,1103796139196858368
K.J. Osborn,Miami (FL),4.0,NE,WR,Deerslayer65,1103796139196858368
Joshua Palmer,Tennessee,3.0,LAC,WR,Deerslayer65,1103796139196858368
Romeo Doubs,Nevada,2.0,GB,WR,Deerslayer65,1103796139196858368
Wan'Dale Robinson,Kentucky,2.0,NYG,WR,Deerslayer65,1103796139196858368
Jelani Woods,Virginia,2.0,IND,TE,Deerslayer65,1103796139196858368
Ty Chandler,North Carolina,2.0,MIN,RB,Deerslayer65,1103796139196858368
Russell Wilson,Wisconsin,12.0,PIT,QB,tford51,1103796139196858368
Zach Ertz,Stanford,11.0,WAS,TE,tford51,1103796139196858368
DeAndre Hopkins,Clemson,11.0,TEN,WR,tford51,1103796139196858368
Brandin Cooks,Oregon State,10.0,DAL,WR,tford51,1103796139196858368
Mike Evans,Texas A&M,10.0,TB,WR,tford51,1103796139196858368
Ezekiel Elliott,Ohio State,8.0,DAL,RB,tford51,1103796139196858368
Mike Williams,Clemson,7.0,NYJ,WR,tford51,1103796139196858368
George Kittle,Iowa,7.0,SF,TE,tford51,1103796139196858368
Taysom Hill,BYU,7.0,NO,TE,tford51,1103796139196858368
Kendrick Bourne,Eastern Washington,7.0,NE,WR,tford51,1103796139196858368
Baker Mayfield,Oklahoma,6.0,TB,QB,tford51,1103796139196858368
Sam Darnold,USC,6.0,MIN,QB,tford51,1103796139196858368
Noah Fant,Iowa,5.0,SEA,TE,tford51,1103796139196858368
David Montgomery,Iowa State,5.0,DET,RB,tford51,1103796139196858368
Jerry Jeudy,Alabama,4.0,CLE,WR,tford51,1103796139196858368
CeeDee Lamb,Oklahoma,4.0,DAL,WR,tford51,1103796139196858368
Jordan Love,Utah State,4.0,GB,QB,tford51,1103796139196858368
Colby Parkinson,Stanford,4.0,LAR,TE,tford51,1103796139196858368
Tutu Atwell,Louisville,3.0,LAR,WR,tford51,1103796139196858368
Elijah Moore,Ole Miss,3.0,CLE,WR,tford51,1103796139196858368
Jalen Tolbert,South Alabama,2.0,DAL,WR,tford51,1103796139196858368
Tyler Allgeier,BYU,2.0,ATL,RB,tford51,1103796139196858368
Kyren Williams,Notre Dame,2.0,LAR,RB,tford51,1103796139196858368
Kenny Pickett,Pittsburgh,2.0,PHI,QB,tford51,1103796139196858368
Keaton Mitchell,East Carolina,1.0,BAL,RB,tford51,1103796139196858368
Jonathan Mingo,Ole Miss,1.0,CAR,WR,ChiJV,1103796139196858368
Rashee Rice,SMU,1.0,KC,WR,ChiJV,1103796139196858368
Brenden Rice,USC,0.0,LAC,WR,ChiJV,1103796139196858368
Kimani Vidal,Troy,0.0,LAC,RB,ChiJV,1103796139196858368
Adam Thielen,Minnesota State,11.0,CAR,WR,ChiJV,1103796139196858368
Stefon Diggs,Maryland,9.0,HOU,WR,ChiJV,1103796139196858368
Michael Thomas,Ohio State,8.0,,WR,ChiJV,1103796139196858368
Patrick Mahomes,Texas Tech,7.0,KC,QB,ChiJV,1103796139196858368
Christian Kirk,Texas A&M,6.0,JAX,WR,ChiJV,1103796139196858368
DJ Chark,LSU,6.0,LAC,WR,ChiJV,1103796139196858368
DJ Moore,Maryland,6.0,CHI,WR,ChiJV,1103796139196858368
Dallas Goedert,South Dakota State,6.0,PHI,TE,ChiJV,1103796139196858368
Tyler Conklin,Central Michigan,6.0,NYJ,TE,ChiJV,1103796139196858368
Allen Lazard,Iowa State,6.0,NYJ,WR,ChiJV,1103796139196858368
Hollywood Brown,Oklahoma,5.0,KC,WR,ChiJV,1103796139196858368
Jakobi Meyers,North Carolina State,5.0,LV,WR,ChiJV,1103796139196858368
Miles Sanders,Penn State,5.0,CAR,RB,ChiJV,1103796139196858368
J.K. Dobbins,Ohio State,4.0,LAC,RB,ChiJV,1103796139196858368
Antonio Gibson,Memphis,4.0,NE,RB,ChiJV,1103796139196858368
Najee Harris,Alabama,3.0,PIT,RB,ChiJV,1103796139196858368
Travis Etienne,Clemson,3.0,JAX,RB,ChiJV,1103796139196858368
Kenneth Gainwell,Memphis,3.0,PHI,RB,ChiJV,1103796139196858368
Cade Otton,Washington,2.0,TB,TE,ChiJV,1103796139196858368
Kenneth Walker,Michigan State,2.0,SEA,RB,ChiJV,1103796139196858368
Anthony Richardson,Florida,1.0,IND,QB,ChiJV,1103796139196858368
Andrei Iosivas,Princeton,1.0,CIN,WR,aledo,1103796139196858368
Ben Sinnott,Kansas State,0.0,WAS,TE,aledo,1103796139196858368
Louis Rees-Zammit,,0.0,KC,RB,aledo,1103796139196858368
Derek Carr,Fresno State,10.0,NO,QB,aledo,1103796139196858368
Odell Beckham,LSU,10.0,MIA,WR,aledo,1103796139196858368
Jameis Winston,Florida State,9.0,CLE,QB,aledo,1103796139196858368
Derrick Henry,Alabama,8.0,BAL,RB,aledo,1103796139196858368
Deshaun Watson,Clemson,7.0,CLE,QB,aledo,1103796139196858368
Dalvin Cook,Florida State,7.0,,RB,aledo,1103796139196858368
JuJu Smith-Schuster,USC,7.0,NE,WR,aledo,1103796139196858368
Kareem Hunt,Toledo,7.0,,RB,aledo,1103796139196858368
Courtland Sutton,SMU,6.0,DEN,WR,aledo,1103796139196858368
Gus Edwards,Rutgers,6.0,LAC,RB,aledo,1103796139196858368
Tony Pollard,Memphis,5.0,TEN,RB,aledo,1103796139196858368
Justin Herbert,Oregon,4.0,LAC,QB,aledo,1103796139196858368
Chase Claypool,Notre Dame,4.0,BUF,WR,aledo,1103796139196858368
Gabe Davis,UCF,4.0,JAX,WR,aledo,1103796139196858368
Amon-Ra St. Brown,USC,3.0,DET,WR,aledo,1103796139196858368
Kyle Pitts,Florida,3.0,ATL,TE,aledo,1103796139196858368
Trey Lance,North Dakota State,3.0,DAL,QB,aledo,1103796139196858368
Rhamondre Stevenson,Oklahoma,3.0,NE,RB,aledo,1103796139196858368
Alec Pierce,Cincinnati,2.0,IND,WR,aledo,1103796139196858368
Chris Olave,Ohio State,2.0,NO,WR,aledo,1103796139196858368
Puka Nacua,BYU,1.0,LAR,WR,aledo,1103796139196858368
Quentin Johnston,TCU,1.0,LAC,WR,aledo,1103796139196858368
Rashee Rice,SMU,1.0,KC,WR,ProfessorD,1104619976205471744
Sam LaPorta,Iowa,1.0,DET,TE,ProfessorD,1104619976205471744
Jayden Daniels,LSU,0.0,WAS,QB,ProfessorD,1104619976205471744
Xavier Legette,South Carolina,0.0,CAR,WR,ProfessorD,1104619976205471744
Davante Adams,Fresno State,10.0,LV,WR,ProfessorD,1104619976205471744
Derrick Henry,Alabama,8.0,BAL,RB,ProfessorD,1104619976205471744
James Conner,Pittsburgh,7.0,ARI,RB,ProfessorD,1104619976205471744
Aaron Jones,UTEP,7.0,MIN,RB,ProfessorD,1104619976205471744
Taysom Hill,BYU,7.0,NO,TE,ProfessorD,1104619976205471744
Kyler Murray,Oklahoma,5.0,ARI,QB,ProfessorD,1104619976205471744
Jalen Hurts,Oklahoma,4.0,PHI,QB,ProfessorD,1104619976205471744
Nico Collins,Michigan,3.0,HOU,WR,ProfessorD,1104619976205471744
George Pickens,Georgia,2.0,PIT,WR,ProfessorD,1104619976205471744
Dontayvion Wicks,Virginia,1.0,GB,WR,ProfessorD,1104619976205471744
Puka Nacua,BYU,1.0,LAR,WR,ProfessorD,1104619976205471744
Tyjae Spears,Tulane,1.0,TEN,RB,ProfessorD,1104619976205471744
Caleb Williams,USC,0.0,CHI,QB,koolaid403,1104619976205471744
Brock Bowers,Georgia,0.0,LV,TE,koolaid403,1104619976205471744
Marvin Harrison,Ohio State,0.0,ARI,WR,koolaid403,1104619976205471744
Raheem Mostert,Purdue,9.0,MIA,RB,koolaid403,1104619976205471744
Deshaun Watson,Clemson,7.0,CLE,QB,koolaid403,1104619976205471744
David Njoku,Miami (FL),7.0,CLE,TE,koolaid403,1104619976205471744
Christian McCaffrey,Stanford,7.0,SF,RB,koolaid403,1104619976205471744
Austin Ekeler,Western Colorado,7.0,WAS,RB,koolaid403,1104619976205471744
Hollywood Brown,Oklahoma,5.0,KC,WR,koolaid403,1104619976205471744
Jakobi Meyers,North Carolina State,5.0,LV,WR,koolaid403,1104619976205471744
D'Andre Swift,Georgia,4.0,CHI,RB,koolaid403,1104619976205471744
Justin Herbert,Oregon,4.0,LAC,QB,koolaid403,1104619976205471744
Garrett Wilson,Ohio State,2.0,NYJ,WR,koolaid403,1104619976205471744
Kenneth Walker,Michigan State,2.0,SEA,RB,koolaid403,1104619976205471744
De'Von Achane,Texas A&M,1.0,MIA,RB,koolaid403,1104619976205471744
Tank Dell,Houston,1.0,HOU,WR,koolaid403,1104619976205471744
Xavier Worthy,Texas,0.0,KC,WR,ConorDeLa,1104619976205471744
Brian Thomas,LSU,0.0,JAX,WR,ConorDeLa,1104619976205471744
Keon Coleman,Florida State,0.0,BUF,WR,ConorDeLa,1104619976205471744
Saquon Barkley,Penn State,6.0,PHI,RB,ConorDeLa,1104619976205471744
Calvin Ridley,Alabama,6.0,TEN,WR,ConorDeLa,1104619976205471744
DJ Moore,Maryland,6.0,CHI,WR,ConorDeLa,1104619976205471744
DK Metcalf,Ole Miss,5.0,SEA,WR,ConorDeLa,1104619976205471744
Jordan Love,Utah State,4.0,GB,QB,ConorDeLa,1104619976205471744
DeVonta Smith,Alabama,3.0,PHI,WR,ConorDeLa,1104619976205471744
Ja'Marr Chase,LSU,3.0,CIN,WR,ConorDeLa,1104619976205471744
Rhamondre Stevenson,Oklahoma,3.0,NE,RB,ConorDeLa,1104619976205471744
Drake London,USC,2.0,ATL,WR,ConorDeLa,1104619976205471744
Trey McBride,Colorado State,2.0,ARI,TE,ConorDeLa,1104619976205471744
Luke Musgrave,Oregon State,1.0,GB,TE,ConorDeLa,1104619976205471744
Aaron Rodgers,California,19.0,NYJ,QB,ConorDeLa,1104619976205471744
C.J. Stroud,Ohio State,1.0,HOU,QB,ConorDeLa,1104619976205471744
Jayden Reed,Michigan State,1.0,GB,WR,WestCoastNonsense,1104619976205471744
Dalton Kincaid,Utah,1.0,BUF,TE,WestCoastNonsense,1104619976205471744
Jonathon Brooks,Texas,0.0,CAR,RB,WestCoastNonsense,1104619976205471744
Ben Sinnott,Kansas State,0.0,WAS,TE,WestCoastNonsense,1104619976205471744
Rome Odunze,Washington,0.0,CHI,WR,WestCoastNonsense,1104619976205471744
Malik Nabers,LSU,0.0,NYG,WR,WestCoastNonsense,1104619976205471744
Josh Allen,Wyoming,6.0,BUF,QB,WestCoastNonsense,1104619976205471744
Brandon Aiyuk,Arizona State,4.0,SF,WR,WestCoastNonsense,1104619976205471744
Zamir White,Georgia,2.0,LV,RB,WestCoastNonsense,1104619976205471744
Breece Hall,Iowa State,2.0,NYJ,RB,WestCoastNonsense,1104619976205471744
Christian Watson,North Dakota State,2.0,GB,WR,WestCoastNonsense,1104619976205471744
Brock Purdy,Iowa State,2.0,SF,QB,WestCoastNonsense,1104619976205471744
Jahmyr Gibbs,Alabama,1.0,DET,RB,WestCoastNonsense,1104619976205471744
Jaxon Smith-Njigba,Ohio State,1.0,SEA,WR,WestCoastNonsense,1104619976205471744
Jordan Addison,USC,1.0,MIN,WR,WestCoastNonsense,1104619976205471744
Zay Flowers,Boston College,1.0,BAL,WR,WestCoastNonsense,1104619976205471744
Ladd McConkey,Georgia,0.0,LAC,WR,Frank1983,1104619976205471744
Mike Williams,Clemson,7.0,NYJ,WR,Frank1983,1104619976205471744
George Kittle,Iowa,7.0,SF,TE,Frank1983,1104619976205471744
Lamar Jackson,Louisville,6.0,BAL,QB,Frank1983,1104619976205471744
Baker Mayfield,Oklahoma,6.0,TB,QB,Frank1983,1104619976205471744
Christian Kirk,Texas A&M,6.0,JAX,WR,Frank1983,1104619976205471744
T.J. Hockenson,Iowa,5.0,MIN,TE,Frank1983,1104619976205471744
A.J. Brown,Ole Miss,5.0,PHI,WR,Frank1983,1104619976205471744
Tony Pollard,Memphis,5.0,TEN,RB,Frank1983,1104619976205471744
Justin Jefferson,LSU,4.0,MIN,WR,Frank1983,1104619976205471744
Tee Higgins,Clemson,4.0,CIN,WR,Frank1983,1104619976205471744
Jonathan Taylor,Wisconsin,4.0,IND,RB,Frank1983,1104619976205471744
Trevor Lawrence,Clemson,3.0,JAX,QB,Frank1983,1104619976205471744
Jaylen Waddle,Alabama,3.0,MIA,WR,Frank1983,1104619976205471744
James Cook,Georgia,2.0,BUF,RB,Frank1983,1104619976205471744
Will Levis,Kentucky,1.0,TEN,QB,Frank1983,1104619976205471744
Kirk Cousins,Michigan State,12.0,ATL,QB,aledo,1104619976205471744
Mike Evans,Texas A&M,10.0,TB,WR,aledo,1104619976205471744
Stefon Diggs,Maryland,9.0,HOU,WR,aledo,1104619976205471744
Joe Mixon,Oklahoma,7.0,HOU,RB,aledo,1104619976205471744
Patrick Mahomes,Texas Tech,7.0,KC,QB,aledo,1104619976205471744
Dalton Schultz,Stanford,6.0,HOU,TE,aledo,1104619976205471744
Dallas Goedert,South Dakota State,6.0,PHI,TE,aledo,1104619976205471744
Josh Jacobs,Alabama,5.0,GB,RB,aledo,1104619976205471744
David Montgomery,Iowa State,5.0,DET,RB,aledo,1104619976205471744
Terry McLaurin,Ohio State,5.0,WAS,WR,aledo,1104619976205471744
Najee Harris,Alabama,3.0,PIT,RB,aledo,1104619976205471744
Kyle Pitts,Florida,3.0,ATL,TE,aledo,1104619976205471744
Chris Olave,Ohio State,2.0,NO,WR,aledo,1104619976205471744
Anthony Richardson,Florida,1.0,IND,QB,aledo,1104619976205471744
Bijan Robinson,Texas,1.0,ATL,RB,aledo,1104619976205471744
Quentin Johnston,TCU,1.0,LAC,WR,aledo,1104619976205471744
DeAndre Hopkins,Clemson,11.0,TEN,WR,tford51,1104619976205471744
Keenan Allen,California,11.0,CHI,WR,tford51,1104619976205471744
Tyler Lockett,Kansas State,9.0,SEA,WR,tford51,1104619976205471744
Tyreek Hill,West Alabama,8.0,MIA,WR,tford51,1104619976205471744
Alvin Kamara,Tennessee,7.0,NO,RB,tford51,1104619976205471744
Chris Godwin,Penn State,7.0,TB,WR,tford51,1104619976205471744
Matthew Stafford,Georgia,15.0,LAR,QB,tford51,1104619976205471744
Mark Andrews,Oklahoma,6.0,BAL,TE,tford51,1104619976205471744
Deebo Samuel,South Carolina,5.0,SF,WR,tford51,1104619976205471744
Tua Tagovailoa,Alabama,4.0,MIA,QB,tford51,1104619976205471744
Joe Burrow,LSU,4.0,CIN,QB,tford51,1104619976205471744
Michael Pittman,USC,4.0,IND,WR,tford51,1104619976205471744
Jake Ferguson,Wisconsin,2.0,DAL,TE,tford51,1104619976205471744
Rachaad White,Arizona State,2.0,TB,RB,tford51,1104619976205471744
Kyren Williams,Notre Dame,2.0,LAR,RB,tford51,1104619976205471744
Jaylen Warren,Oklahoma State,2.0,PIT,RB,tford51,1104619976205471744
J.J. McCarthy,Michigan,0.0,MIN,QB,theBandit216,1104619976205471744
Geno Smith,West Virginia,11.0,SEA,QB,theBandit216,1104619976205471744
Travis Kelce,Cincinnati,11.0,KC,TE,theBandit216,1104619976205471744
Amari Cooper,Alabama,9.0,CLE,WR,theBandit216,1104619976205471744
Jared Goff,California,8.0,DET,QB,theBandit216,1104619976205471744
Dak Prescott,Mississippi State,8.0,DAL,QB,theBandit216,1104619976205471744
Cooper Kupp,Eastern Washington,7.0,LAR,WR,theBandit216,1104619976205471744
Evan Engram,Ole Miss,7.0,JAX,TE,theBandit216,1104619976205471744
Nick Chubb,Georgia,6.0,CLE,RB,theBandit216,1104619976205471744
CeeDee Lamb,Oklahoma,4.0,DAL,WR,theBandit216,1104619976205471744
Cole Kmet,Notre Dame,4.0,CHI,TE,theBandit216,1104619976205471744
Travis Etienne,Clemson,3.0,JAX,RB,theBandit216,1104619976205471744
Amon-Ra St. Brown,USC,3.0,DET,WR,theBandit216,1104619976205471744
Jerome Ford,Cincinnati,2.0,CLE,RB,theBandit216,1104619976205471744
Jameson Williams,Alabama,2.0,DET,WR,theBandit216,1104619976205471744
Isiah Pacheco,Rutgers,2.0,KC,RB,theBandit216,1104619976205471744
Jayden Daniels,LSU,0.0,WAS,QB,ProfessorD,1104635110046986240
Ladd McConkey,Georgia,0.0,LAC,WR,ProfessorD,1104635110046986240
Kirk Cousins,Michigan State,12.0,ATL,QB,ProfessorD,1104635110046986240
Russell Wilson,Wisconsin,12.0,PIT,QB,ProfessorD,1104635110046986240
Raheem Mostert,Purdue,9.0,MIA,RB,ProfessorD,1104635110046986240
Deshaun Watson,Clemson,7.0,CLE,QB,ProfessorD,1104635110046986240
Taysom Hill,BYU,7.0,NO,TE,ProfessorD,1104635110046986240
Baker Mayfield,Oklahoma,6.0,TB,QB,ProfessorD,1104635110046986240
Mark Andrews,Oklahoma,6.0,BAL,TE,ProfessorD,1104635110046986240
A.J. Brown,Ole Miss,5.0,PHI,WR,ProfessorD,1104635110046986240
Daniel Jones,Duke,5.0,NYG,QB,ProfessorD,1104635110046986240
Gardner Minshew,Washington State,5.0,LV,QB,ProfessorD,1104635110046986240
CeeDee Lamb,Oklahoma,4.0,DAL,WR,ProfessorD,1104635110046986240
Christian Watson,North Dakota State,2.0,GB,WR,ProfessorD,1104635110046986240
Puka Nacua,BYU,1.0,LAR,WR,ProfessorD,1104635110046986240
Aaron Rodgers,California,19.0,NYJ,QB,ProfessorD,1104635110046986240
Drake Maye,North Carolina,0.0,NE,QB,aledo,1104635110046986240
J.J. McCarthy,Michigan,0.0,MIN,QB,aledo,1104635110046986240
Keenan Allen,California,11.0,CHI,WR,aledo,1104635110046986240
Ezekiel Elliott,Ohio State,8.0,DAL,RB,aledo,1104635110046986240
Matthew Stafford,Georgia,15.0,LAR,QB,aledo,1104635110046986240
Lamar Jackson,Louisville,6.0,BAL,QB,aledo,1104635110046986240
Devin Singletary,Florida Atlantic,5.0,NYG,RB,aledo,1104635110046986240
Joe Burrow,LSU,4.0,CIN,QB,aledo,1104635110046986240
Justin Herbert,Oregon,4.0,LAC,QB,aledo,1104635110046986240
Kyle Pitts,Florida,3.0,ATL,TE,aledo,1104635110046986240
Javonte Williams,North Carolina,3.0,DEN,RB,aledo,1104635110046986240
Zamir White,Georgia,2.0,LV,RB,aledo,1104635110046986240
Breece Hall,Iowa State,2.0,NYJ,RB,aledo,1104635110046986240
Isiah Pacheco,Rutgers,2.0,KC,RB,aledo,1104635110046986240
Bryce Young,Alabama,1.0,CAR,QB,aledo,1104635110046986240
Tank Dell,Houston,1.0,HOU,WR,aledo,1104635110046986240
Caleb Williams,USC,0.0,CHI,QB,ConorDeLa,1104635110046986240
Bo Nix,Oregon,0.0,DEN,QB,ConorDeLa,1104635110046986240
Jonathon Brooks,Texas,0.0,CAR,RB,ConorDeLa,1104635110046986240
Xavier Worthy,Texas,0.0,KC,WR,ConorDeLa,1104635110046986240
Keon Coleman,Florida State,0.0,BUF,WR,ConorDeLa,1104635110046986240
Alvin Kamara,Tennessee,7.0,NO,RB,ConorDeLa,1104635110046986240
Christian Kirk,Texas A&M,6.0,JAX,WR,ConorDeLa,1104635110046986240
Josh Jacobs,Alabama,5.0,GB,RB,ConorDeLa,1104635110046986240
Justin Jefferson,LSU,4.0,MIN,WR,ConorDeLa,1104635110046986240
Jaylen Waddle,Alabama,3.0,MIA,WR,ConorDeLa,1104635110046986240
Ja'Marr Chase,LSU,3.0,CIN,WR,ConorDeLa,1104635110046986240
Nico Collins,Michigan,3.0,HOU,WR,ConorDeLa,1104635110046986240
Rhamondre Stevenson,Oklahoma,3.0,NE,RB,ConorDeLa,1104635110046986240
Drake London,USC,2.0,ATL,WR,ConorDeLa,1104635110046986240
Jahmyr Gibbs,Alabama,1.0,DET,RB,ConorDeLa,1104635110046986240
Zay Flowers,Boston College,1.0,BAL,WR,ConorDeLa,1104635110046986240
Geno Smith,West Virginia,11.0,SEA,QB,theBandit216,1104635110046986240
Travis Kelce,Cincinnati,11.0,KC,TE,theBandit216,1104635110046986240
Davante Adams,Fresno State,10.0,LV,WR,theBandit216,1104635110046986240
Amari Cooper,Alabama,9.0,CLE,WR,theBandit216,1104635110046986240
Jared Goff,California,8.0,DET,QB,theBandit216,1104635110046986240
Derrick Henry,Alabama,8.0,BAL,RB,theBandit216,1104635110046986240
Dak Prescott,Mississippi State,8.0,DAL,QB,theBandit216,1104635110046986240
Joe Mixon,Oklahoma,7.0,HOU,RB,theBandit216,1104635110046986240
Christian McCaffrey,Stanford,7.0,SF,RB,theBandit216,1104635110046986240
Chris Godwin,Penn State,7.0,TB,WR,theBandit216,1104635110046986240
Evan Engram,Ole Miss,7.0,JAX,TE,theBandit216,1104635110046986240
Calvin Ridley,Alabama,6.0,TEN,WR,theBandit216,1104635110046986240
T.J. Hockenson,Iowa,5.0,MIN,TE,theBandit216,1104635110046986240
Kyler Murray,Oklahoma,5.0,ARI,QB,theBandit216,1104635110046986240
Tee Higgins,Clemson,4.0,CIN,WR,theBandit216,1104635110046986240
Jaylen Warren,Oklahoma State,2.0,PIT,RB,theBandit216,1104635110046986240
Adam Thielen,Minnesota State,11.0,CAR,WR,tford51,1104635110046986240
Derek Carr,Fresno State,10.0,NO,QB,tford51,1104635110046986240
Mike Evans,Texas A&M,10.0,TB,WR,tford51,1104635110046986240
Mike Williams,Clemson,7.0,NYJ,WR,tford51,1104635110046986240
James Conner,Pittsburgh,7.0,ARI,RB,tford51,1104635110046986240
Austin Ekeler,Western Colorado,7.0,WAS,RB,tford51,1104635110046986240
DJ Moore,Maryland,6.0,CHI,WR,tford51,1104635110046986240
Gus Edwards,Rutgers,6.0,LAC,RB,tford51,1104635110046986240
DK Metcalf,Ole Miss,5.0,SEA,WR,tford51,1104635110046986240
Hollywood Brown,Oklahoma,5.0,KC,WR,tford51,1104635110046986240
Deebo Samuel,South Carolina,5.0,SF,WR,tford51,1104635110046986240
Tua Tagovailoa,Alabama,4.0,MIA,QB,tford51,1104635110046986240
Jalen Hurts,Oklahoma,4.0,PHI,QB,tford51,1104635110046986240
Trevor Lawrence,Clemson,3.0,JAX,QB,tford51,1104635110046986240
Amon-Ra St. Brown,USC,3.0,DET,WR,tford51,1104635110046986240
James Cook,Georgia,2.0,BUF,RB,tford51,1104635110046986240
Rashee Rice,SMU,1.0,KC,WR,koolaid403,1104635110046986240
Malik Nabers,LSU,0.0,NYG,WR,koolaid403,1104635110046986240
George Kittle,Iowa,7.0,SF,TE,koolaid403,1104635110046986240
Josh Allen,Wyoming,6.0,BUF,QB,koolaid403,1104635110046986240
David Montgomery,Iowa State,5.0,DET,RB,koolaid403,1104635110046986240
D'Andre Swift,Georgia,4.0,CHI,RB,koolaid403,1104635110046986240
Jordan Love,Utah State,4.0,GB,QB,koolaid403,1104635110046986240
Jonathan Taylor,Wisconsin,4.0,IND,RB,koolaid403,1104635110046986240
DeVonta Smith,Alabama,3.0,PHI,WR,koolaid403,1104635110046986240
Rachaad White,Arizona State,2.0,TB,RB,koolaid403,1104635110046986240
George Pickens,Georgia,2.0,PIT,WR,koolaid403,1104635110046986240
Kyren Williams,Notre Dame,2.0,LAR,RB,koolaid403,1104635110046986240
De'Von Achane,Texas A&M,1.0,MIA,RB,koolaid403,1104635110046986240
Tyjae Spears,Tulane,1.0,TEN,RB,koolaid403,1104635110046986240
Bijan Robinson,Texas,1.0,ATL,RB,koolaid403,1104635110046986240
Jordan Addison,USC,1.0,MIN,WR,koolaid403,1104635110046986240
Sam LaPorta,Iowa,1.0,DET,TE,Frank1983,1104635110046986240
Brock Bowers,Georgia,0.0,LV,TE,Frank1983,1104635110046986240
Marvin Harrison,Ohio State,0.0,ARI,WR,Frank1983,1104635110046986240
Stefon Diggs,Maryland,9.0,HOU,WR,Frank1983,1104635110046986240
Tyreek Hill,West Alabama,8.0,MIA,WR,Frank1983,1104635110046986240
Cooper Kupp,Eastern Washington,7.0,LAR,WR,Frank1983,1104635110046986240
Patrick Mahomes,Texas Tech,7.0,KC,QB,Frank1983,1104635110046986240
Aaron Jones,UTEP,7.0,MIN,RB,Frank1983,1104635110046986240
Nick Chubb,Georgia,6.0,CLE,RB,Frank1983,1104635110046986240
Terry McLaurin,Ohio State,5.0,WAS,WR,Frank1983,1104635110046986240
Tony Pollard,Memphis,5.0,TEN,RB,Frank1983,1104635110046986240
Brandon Aiyuk,Arizona State,4.0,SF,WR,Frank1983,1104635110046986240
Michael Pittman,USC,4.0,IND,WR,Frank1983,1104635110046986240
Najee Harris,Alabama,3.0,PIT,RB,Frank1983,1104635110046986240
Travis Etienne,Clemson,3.0,JAX,RB,Frank1983,1104635110046986240
Jaxon Smith-Njigba,Ohio State,1.0,SEA,WR,Frank1983,1104635110046986240
Jayden Reed,Michigan State,1.0,GB,WR,WestCoastNonsense,1104635110046986240
Dalton Kincaid,Utah,1.0,BUF,TE,WestCoastNonsense,1104635110046986240
Rome Odunze,Washington,0.0,CHI,WR,WestCoastNonsense,1104635110046986240
Brian Thomas,LSU,0.0,JAX,WR,WestCoastNonsense,1104635110046986240
David Njoku,Miami (FL),7.0,CLE,TE,WestCoastNonsense,1104635110046986240
Saquon Barkley,Penn State,6.0,PHI,RB,WestCoastNonsense,1104635110046986240
Justin Fields,Ohio State,3.0,PIT,QB,WestCoastNonsense,1104635110046986240
Jake Ferguson,Wisconsin,2.0,DAL,TE,WestCoastNonsense,1104635110046986240
Trey McBride,Colorado State,2.0,ARI,TE,WestCoastNonsense,1104635110046986240
Chris Olave,Ohio State,2.0,NO,WR,WestCoastNonsense,1104635110046986240
Garrett Wilson,Ohio State,2.0,NYJ,WR,WestCoastNonsense,1104635110046986240
Kenneth Walker,Michigan State,2.0,SEA,RB,WestCoastNonsense,1104635110046986240
Brock Purdy,Iowa State,2.0,SF,QB,WestCoastNonsense,1104635110046986240
Anthony Richardson,Florida,1.0,IND,QB,WestCoastNonsense,1104635110046986240
C.J. Stroud,Ohio State,1.0,HOU,QB,WestCoastNonsense,1104635110046986240
Will Levis,Kentucky,1.0,TEN,QB,WestCoastNonsense,1104635110046986240
